Hotel_Name,Hotel_Rating,City,Feature_1,Feature_2,Feature_3,Feature_4,Feature_5,Feature_6,Feature_7,Feature_8,Feature_9,Hotel_Price,Hotel_Link
Crowne Plaza Kochi,4.6,kochi,5-star hotel,Free breakfast,Free Wi-Fi,Free parking,Pool,Hot tub,Air conditioning,Fitness center,Spa,8854.0,https://www.ihg.com/crowneplaza/hotels/us/en/kochi/cokch/hoteldetail
Trident Hotel Cochin,4.5,kochi,5-star hotel,Free breakfast,Wi-Fi,Free parking,Pool,Air conditioning,Fitness center,Spa,Restaurant,6441.0,https://www.tridenthotels.com/hotels-in-cochin
The Galaxy Suites,3.8,kochi,Apartment,Breakfast,Free parking,Free Wi-Fi,No air conditioning,No airport shuttle,No beach access,No elevator,No fireplace,831.0,https://www.agoda.com/search?text=The%20Galaxy%20Suites%20kochi%20India
The Renai cochin,4.2,kochi,4-star hotel,Free breakfast,Free Wi-Fi,Free parking,Pool,Air conditioning,Fitness center,Spa,Bar,2768.0,https://www.renaicochin.in/luxury-hotel/
Ramada by Wyndham Kochi,4.5,kochi,5-star hotel,Breakfast,Free Wi-Fi,Free parking,Pool,Air conditioning,Fitness center,Spa,Bar,8938.0,https://www.ramadakochi.com/
The Renai cochin,4.2,kochi,4-star hotel,Free breakfast,Free Wi-Fi,Free parking,Pool,Air conditioning,Fitness center,Spa,Bar,2768.0,https://www.renaicochin.in/luxury-hotel/
"Radisson Blu Hotel, Kochi",4.3,kochi,5-star hotel,Breakfast,Free Wi-Fi,Free parking,Pool,Hot tub,Air conditioning,Fitness center,Spa,6061.0,https://www.radissonhotels.com/en-us/hotels/radisson-blu-kochi
"Holiday Inn Cochin, an IHG Hotel",4.4,kochi,5-star hotel,Breakfast,Free Wi-Fi,Free parking,Pool,Air conditioning,Fitness center,Bar,Restaurant,5689.0,https://www.agoda.com/search?text=Holiday%20Inn%20Cochin%2C%20an%20IHG%20Hotel%20kochi%20India
OAK FIELD INN,3.8,kochi,Free breakfast,Wi-Fi,Free parking,Air conditioning,Restaurant,Kitchen,Full-service laundry,Kid-friendly,Kitchen,819.0,https://www.agoda.com/search?text=OAK%20FIELD%20INN%20kochi%20India
Grand Hyatt Kochi Bolgatty,4.7,kochi,5-star hotel,Breakfast,Free Wi-Fi,Free parking,Pool,Hot tub,Air conditioning,Fitness center,Spa,14282.0,https://www.hyatt.com/en-US/hotel/india/grand-hyatt-kochi-bolgatty/cokgh
Hotel South Gate Residency,3.9,kochi,3-star hotel,Breakfast,Free Wi-Fi,Free parking,Air conditioning,Restaurant,Airport shuttle,Full-service laundry,Kid-friendly,1051.0,https://www.agoda.com/search?text=Hotel%20South%20Gate%20Residency%20kochi%20India
Cherai Beach Resorts,3.9,kochi,3-star hotel,Free breakfast,Wi-Fi,Free parking,Pool,Air conditioning,Fitness center,Spa,Beach access,3281.0,https://www.cheraibeachresorts.com/
North Centre Hotel,4.7,kochi,3-star hotel,Breakfast,Free Wi-Fi,Free parking,Air conditioning,Airport shuttle,Full-service laundry,Kid-friendly,Smoke-free,1118.0,https://northcentrehotelkochi.com/
Boche Island - Kumbalangi,4.1,kochi,3-star hotel,Free breakfast,Free Wi-Fi,Free parking,Pool,Air conditioning,Pet-friendly,Spa,Restaurant,5855.0,https://www.agoda.com/search?text=Boche%20Island%20-%20Kumbalangi%20kochi%20India
Trident Hotel Cochin,4.5,kochi,5-star hotel,Free breakfast,Wi-Fi,Free parking,Pool,Air conditioning,Fitness center,Spa,Restaurant,5406.0,https://www.tridenthotels.com/hotels-in-cochin
"Nihara Resort & Spa, Kadamakudy Island, Kochi",4.3,kochi,4-star hotel,Free breakfast,Free Wi-Fi,Free parking,Pool,Air conditioning,Spa,Restaurant,Room service,4692.0,https://nihararesort.com/
Ayurjani Ayurvedics,4.2,kochi,Free Wi-Fi,Free breakfast,Air conditioning,Fireplace,Paid parking,No crib,No elevator,No fitness center,No ironing board,896.0,https://www.agoda.com/search?text=Ayurjani%20Ayurvedics%20kochi%20India
Niko Hotels,4.6,kochi,3-star hotel,Free breakfast,Free Wi-Fi,Free parking,Air conditioning,Restaurant,Room service,Airport shuttle,Accessible,2073.0,https://www.niko-inn.com/
Crowne Plaza Kochi,4.6,kochi,5-star hotel,Free breakfast,Free Wi-Fi,Free parking,Pool,Hot tub,Air conditioning,Fitness center,Spa,8776.0,https://www.ihg.com/crowneplaza/hotels/us/en/kochi/cokch/hoteldetail
The Gateway Hotel Marine Drive Ernakulam,4.3,kochi,5-star hotel,Free breakfast,Free Wi-Fi,Free parking,Pool,Air conditioning,Fitness center,Spa,Restaurant,7252.0,https://www.tajhotels.com/
Napier Heritage Fort Kochi,4.5,kochi,Free breakfast,Free Wi-Fi,Free parking,Pool,Air conditioning,Beach access,Restaurant,Room service,Full-service laundry,3808.0,https://www.agoda.com/search?text=Napier%20Heritage%20Fort%20Kochi%20kochi%20India
"Radisson Blu Hotel, Kochi",4.3,kochi,5-star hotel,Breakfast,Free Wi-Fi,Free parking,Pool,Hot tub,Air conditioning,Fitness center,Spa,6039.0,https://www.radissonhotels.com/en-us/hotels/radisson-blu-kochi
Maurya Rajadhani,4.0,trivandrum,4-star hotel,Free breakfast,Free Wi-Fi,Free parking,Hot tub,Air conditioning,Fitness center,Spa,Bar,2812.0,https://www.rajadhanihotels.com/hotels-kerala-trivandrum/Maurya-Rajadhani
"Biverah Hotel and Suites, 4-star hotels in Trivandrum, Medical college, kims hospital, hotels in trivandrum, budget hotel",3.8,trivandrum,4-star hotel,Free breakfast,Free Wi-Fi,Free parking,Air conditioning,Bar,Restaurant,Room service,Full-service laundry,2898.0,https://www.biverah.com/
Montecello Home Stay,3.2,trivandrum,Free Wi-Fi,Paid parking,Pet-friendly,Beach access,Kitchen,Full-service laundry,Kid-friendly,Fitness center,Business center,643.0,https://www.agoda.com/search?text=Montecello%20Home%20Stay%20trivandrum%20India
HOTEL HIGHLAND,4.0,trivandrum,3-star hotel,Free breakfast,Free Wi-Fi,Paid parking,Air conditioning,Restaurant,Room service,Airport shuttle,Full-service laundry,1350.0,https://www.agoda.com/search?text=HOTEL%20HIGHLAND%20trivandrum%20India
Ariya Nivaas - A Vegetarian Hotel,4.2,trivandrum,2-star hotel,Breakfast,Free Wi-Fi,Free parking,Air conditioning,Restaurant,Full-service laundry,Accessible,Kid-friendly,2401.0,https://www.agoda.com/search?text=Ariya%20Nivaas%20-%20A%20Vegetarian%20Hotel%20trivandrum%20India
PLANET RESIDENCY,4.5,trivandrum,Free Wi-Fi,Paid parking,Air conditioning,Breakfast,Kitchen,Hot tub,Air conditioning,Accessible,Full-service laundry,1263.0,https://www.agoda.com/search?text=PLANET%20RESIDENCY%20trivandrum%20India
Saras Park Inn,3.4,trivandrum,2-star hotel,Air conditioning,Kitchen,Full-service laundry,Kid-friendly,Kitchen,Full-service laundry,Spa,Spa,875.0,https://www.agoda.com/search?text=Saras%20Park%20Inn%20trivandrum%20India
Stayzone Royal INN,3.7,trivandrum,Breakfast,Free Wi-Fi,Free parking,Air conditioning,Room service,Kitchen,Airport shuttle,Full-service laundry,Kid-friendly,909.0,https://www.agoda.com/search?text=Stayzone%20Royal%20INN%20trivandrum%20India
Hotel Prathiba Heritage,3.7,trivandrum,Free Wi-Fi,Free parking,Air conditioning,Restaurant,Full-service laundry,Kid-friendly,Smoke-free,Kitchen,Room service,956.0,https://www.prathibaheritage.com/
Adara Residency,4.3,trivandrum,3-star hotel,Free breakfast,Wi-Fi,Free parking,Pet-friendly,Restaurant,Kid-friendly,Kitchen,Kid-friendly,1616.0,https://adararesidency.in/
Hotel Venkateswara,3.7,trivandrum,3-star hotel,Breakfast,Free Wi-Fi,Free parking,Air conditioning,Restaurant,Room service,Full-service laundry,Accessible,1347.0,https://www.agoda.com/search?text=Hotel%20Venkateswara%20trivandrum%20India
Hilton Garden Inn Trivandrum,4.3,trivandrum,5-star hotel,Breakfast,Free Wi-Fi,Free parking,Pool,Air conditioning,Fitness center,Bar,Restaurant,6837.0,https://www.hilton.com/en/hotels/trvgigi-hilton-garden-inn-trivandrum/
KTDC Grand Chaithram,4.1,trivandrum,3-star hotel,Free breakfast,Free Wi-Fi,Free parking,Air conditioning,Restaurant,Room service,Full-service laundry,Accessible,2509.0,https://www.agoda.com/search?text=KTDC%20Grand%20Chaithram%20trivandrum%20India
Majestic Lodge,4.1,trivandrum,Free breakfast,Free Wi-Fi,Paid parking,Kitchen,Air conditioning,Free Wi-Fi,Kitchen,Restaurant,Spa,1236.0,https://www.agoda.com/search?text=Majestic%20Lodge%20trivandrum%20India
Safire Residency,4.0,trivandrum,3-star hotel,Wi-Fi,Air conditioning,Pet-friendly,Kitchen,Airport shuttle,Full-service laundry,Kid-friendly,Full-service laundry,1165.0,https://www.agoda.com/search?text=Safire%20Residency%20trivandrum%20India
Hotel Sunday - Townhouse Club - Near Airport - Trivandrum,3.7,trivandrum,Breakfast,Free Wi-Fi,Free parking,Kitchen,Airport shuttle,Full-service laundry,Fitness center,Kitchen,Restaurant,1120.0,https://www.agoda.com/search?text=Hotel%20Sunday%20-%20Townhouse%20Club%20-%20Near%20Airport%20-%20Trivandrum%20trivandrum%20India
Meghna Residency,3.6,trivandrum,3-star hotel,Breakfast,Free Wi-Fi,Free parking,Air conditioning,Room service,Airport shuttle,Full-service laundry,Accessible,831.0,https://www.agoda.com/search?text=Meghna%20Residency%20trivandrum%20India
The South Gate By WB Hotels,3.9,trivandrum,Free breakfast,Free Wi-Fi,Air conditioning,Room service,Full-service laundry,Kid-friendly,Kitchen,Room service,Kid-friendly,2111.0,https://www.agoda.com/search?text=The%20South%20Gate%20By%20WB%20Hotels%20trivandrum%20India
Anies Garden | Rooms in a Homestay,4.3,trivandrum,4-star hotel,Free breakfast,Air conditioning,Fireplace,Cable TV,Paid parking,Free Wi-Fi,No crib,No elevator,1645.0,https://www.agoda.com/search?text=Anies%20Garden%20%7C%20Rooms%20in%20a%20Homestay%20trivandrum%20India
Treebo Trend Goodland Residency,4.1,trivandrum,3-star hotel,Free breakfast,Free Wi-Fi,Free parking,Air conditioning,Pet-friendly,Restaurant,Room service,Airport shuttle,4265.0,https://www.agoda.com/search?text=Treebo%20Trend%20Goodland%20Residency%20trivandrum%20India
Windsor Rajadhani,4.1,trivandrum,4-star hotel,Free breakfast,Free Wi-Fi,Free parking,Pool,Hot tub,Air conditioning,Fitness center,Spa,4341.0,https://www.agoda.com/search?text=Windsor%20Rajadhani%20trivandrum%20India
Backwater Ripples,4.4,kumarakom,3-star hotel,Free breakfast,Wi-Fi,Free parking,Pool,Air conditioning,Fitness center,Spa,Restaurant,8968.0,https://backwaterripples.com/
Lakesong Resort,4.2,kumarakom,4-star hotel,Free breakfast,Wi-Fi,Free parking,Pool,Air conditioning,Fitness center,Spa,Restaurant,11948.0,https://www.agoda.com/search?text=Lakesong%20Resort%20kumarakom%20India
Abad Whispering Palms | Resort in Kumarakom,4.3,kumarakom,4-star hotel,Free breakfast,Free Wi-Fi,Free parking,Pool,Air conditioning,Fitness center,Spa,Restaurant,6921.0,https://www.abadhotels.com/
Cocobay Resort,4.2,kumarakom,3-star hotel,Free breakfast,Wi-Fi,Free parking,Pool,Air conditioning,Fitness center,Spa,Restaurant,6138.0,https://www.agoda.com/search?text=Cocobay%20Resort%20kumarakom%20India
Paradise Resorts Kumarakom,4.1,kumarakom,3-star hotel,Free breakfast,Free Wi-Fi,Free parking,Pool,Air conditioning,Spa,Restaurant,Airport shuttle,5148.0,https://www.agoda.com/search?text=Paradise%20Resorts%20Kumarakom%20kumarakom%20India
"The Zuri Kumarakom, Kerala Resort & Spa",4.3,kumarakom,5-star hotel,Free breakfast,Free Wi-Fi,Free parking,Pool,Hot tub,Air conditioning,Fitness center,Spa,13682.0,https://www.agoda.com/search?text=The%20Zuri%20Kumarakom%2C%20Kerala%20Resort%20%26%20Spa%20kumarakom%20India
Saro Lake County,4.0,kumarakom,3-star hotel,Free breakfast,Free Wi-Fi,Paid parking,Pool,Air conditioning,Restaurant,Kitchen,Airport shuttle,2945.0,https://www.agoda.com/search?text=Saro%20Lake%20County%20kumarakom%20India
Kumarakom Heritage Resort & Ayurveda,4.1,kumarakom,3-star hotel,Free breakfast,Free Wi-Fi,Free parking,Pool,Air conditioning,Spa,Bar,Restaurant,5355.0,https://www.agoda.com/search?text=Kumarakom%20Heritage%20Resort%20%26%20Ayurveda%20kumarakom%20India
Rhythm Kumarakom,4.5,kumarakom,5-star hotel,Free breakfast,Free Wi-Fi,Free parking,Pool,Air conditioning,Fitness center,Spa,Restaurant,14712.0,https://www.agoda.com/search?text=Rhythm%20Kumarakom%20kumarakom%20India
Manor Backwater Resort,3.8,kumarakom,3-star hotel,Free breakfast,Free Wi-Fi,Free parking,Pool,Air conditioning,Restaurant,Kitchen,Full-service laundry,3024.0,https://www.agoda.com/search?text=Manor%20Backwater%20Resort%20kumarakom%20India
ILLIKKALAM Lakeside Cottages,4.1,kumarakom,3-star hotel,Breakfast,Free Wi-Fi,Free parking,Air conditioning,Pet-friendly,Restaurant,Room service,Kitchen,3549.0,https://www.agoda.com/search?text=ILLIKKALAM%20Lakeside%20Cottages%20kumarakom%20India
KTDC Waterscapes,4.5,kumarakom,4-star hotel,Free breakfast,Free Wi-Fi,Free parking,Pool,Air conditioning,Fitness center,Spa,Bar,10560.0,https://www.agoda.com/search?text=KTDC%20Waterscapes%20kumarakom%20India
Backwater Brook,4.7,kumarakom,Free breakfast,Free Wi-Fi,Pool,Restaurant,Kitchen,Full-service laundry,Kid-friendly,Kitchen,Accessible,5063.0,https://www.agoda.com/search?text=Backwater%20Brook%20kumarakom%20India
Gokulam Grand Resort and Spa Kumarakom,4.7,kumarakom,Breakfast,Free Wi-Fi,Free parking,Pool,Air conditioning,Fitness center,Spa,Restaurant,Room service,14059.0,https://www.agoda.com/search?text=Gokulam%20Grand%20Resort%20and%20Spa%20Kumarakom%20kumarakom%20India
Backwater Ripples,4.4,kumarakom,3-star hotel,Free breakfast,Wi-Fi,Free parking,Pool,Air conditioning,Fitness center,Spa,Restaurant,8961.0,https://backwaterripples.com/
Lily Pad on the Vembanad,4.2,kumarakom,3-star hotel,Free breakfast,Free Wi-Fi,Paid parking,Pool,Air conditioning,Spa,Restaurant,Room service,6160.0,https://www.agoda.com/search?text=Lily%20Pad%20on%20the%20Vembanad%20kumarakom%20India
Kumarakom Lake Resort,4.8,kumarakom,5-star hotel,Free breakfast,Wi-Fi,Free parking,Pool,Hot tub,Air conditioning,Fitness center,Spa,30267.0,https://www.agoda.com/search?text=Kumarakom%20Lake%20Resort%20kumarakom%20India
Renai Green Fields,3.8,kumarakom,3-star hotel,Free breakfast,Wi-Fi,Free parking,Pool,Air conditioning,Fitness center,Restaurant,Room service,2849.0,https://www.agoda.com/search?text=Renai%20Green%20Fields%20kumarakom%20India
Kumarakom Park Resort,4.3,kumarakom,Free breakfast,Free Wi-Fi,Free parking,Pool,Air conditioning,Bar,Restaurant,Room service,Full-service laundry,6726.0,https://www.agoda.com/search?text=Kumarakom%20Park%20Resort%20kumarakom%20India
Meenakshi River Villa | Rooms & Wi-Fi,4.5,kumarakom,1-star hotel,Free Wi-Fi,Air conditioning,Fireplace,Paid parking,Free Wi-Fi,No crib,No elevator,No fitness center,3488.0,https://www.agoda.com/search?text=Meenakshi%20River%20Villa%20%7C%20Rooms%20%26%20Wi-Fi%20kumarakom%20India
Kumarakom Wood Castle,4.4,kumarakom,3-star hotel,Free Wi-Fi,Air conditioning,Fireplace,Cable TV,Paid parking,Free Wi-Fi,No crib,No elevator,2861.0,https://www.agoda.com/search?text=Kumarakom%20Wood%20Castle%20kumarakom%20India
Abad Whispering Palms | Resort in Kumarakom,4.3,kumarakom,4-star hotel,Free breakfast,Free Wi-Fi,Free parking,Pool,Air conditioning,Fitness center,Spa,Restaurant,7999.0,https://www.abadhotels.com/
ILLIKKALAM Lakeside Cottages,4.1,kumarakom,3-star hotel,Breakfast,Free Wi-Fi,Free parking,Air conditioning,Pet-friendly,Restaurant,Room service,Kitchen,3724.0,https://www.agoda.com/search?text=ILLIKKALAM%20Lakeside%20Cottages%20kumarakom%20India
Treebo Trend Kuval Inn,4.2,pune,Free breakfast,Free Wi-Fi,Free parking,Pool,Air conditioning,Full-service laundry,Kid-friendly,Spa,No fitness center,2084.0,https://www.agoda.com/search?text=Treebo%20Trend%20Kuval%20Inn%20pune%20India
Hotel Corporate Stay,4.0,pune,3-star hotel,Free breakfast,Free Wi-Fi,Free parking,Air conditioning,Restaurant,Room service,Kitchen,Airport shuttle,2123.0,https://www.agoda.com/search?text=Hotel%20Corporate%20Stay%20pune%20India
Jugglers Backpack,4.7,pune,Free breakfast,Free Wi-Fi,Free parking,Air conditioning,Room service,Kitchen,Airport shuttle,Full-service laundry,Business center,1116.0,https://www.agoda.com/search?text=Jugglers%20Backpack%20pune%20India
Hyatt Pune,4.4,pune,5-star hotel,Breakfast,Free Wi-Fi,Free parking,Pool,Air conditioning,Fitness center,Spa,Bar,9701.0,https://www.agoda.com/search?text=Hyatt%20Pune%20pune%20India
"The Central Park Hotel, Pune",4.1,pune,4-star hotel,Free breakfast,Wi-Fi,Free parking,Pool,Air conditioning,Fitness center,Spa,Restaurant,3708.0,https://www.agoda.com/search?text=The%20Central%20Park%20Hotel%2C%20Pune%20pune%20India
"Four Points by Sheraton Hotel & Serviced Apartments, Pune",4.3,pune,5-star hotel,Breakfast,Free Wi-Fi,Free parking,Pool,Air conditioning,Fitness center,Spa,Bar,6796.0,https://www.agoda.com/search?text=Four%20Points%20by%20Sheraton%20Hotel%20%26%20Serviced%20Apartments%2C%20Pune%20pune%20India
Hotel Phoenix,4.0,pune,3-star hotel,Free breakfast,Wi-Fi,Paid parking,Air conditioning,Restaurant,Room service,Airport shuttle,Full-service laundry,2752.0,https://www.agoda.com/search?text=Hotel%20Phoenix%20pune%20India
Hotel anvisha executive,4.4,pune,Breakfast,Free Wi-Fi,Free parking,Pool,Air conditioning,Room service,Airport shuttle,Full-service laundry,Room service,1067.0,https://www.agoda.com/search?text=Hotel%20anvisha%20executive%20pune%20India
EMA Family Rooms,3.8,pune,Free breakfast,Free Wi-Fi,Air conditioning,Fireplace,Kitchen,Cable TV,Paid parking,Free Wi-Fi,No crib,1241.0,https://www.agoda.com/search?text=EMA%20Family%20Rooms%20pune%20India
JM Four Hotel,3.9,pune,3-star hotel,Free breakfast,Free Wi-Fi,Free parking,Air conditioning,Restaurant,Room service,Airport shuttle,Full-service laundry,2550.0,https://www.agoda.com/search?text=JM%20Four%20Hotel%20pune%20India
Royal Orchid Central Pune,4.3,pune,4-star hotel,Free breakfast,Free Wi-Fi,Free parking,Pool,Air conditioning,Fitness center,Bar,Restaurant,5085.0,https://www.agoda.com/search?text=Royal%20Orchid%20Central%20Pune%20pune%20India
"StayBird - B Suite, Business Hotel",4.0,pune,3-star hotel,Free breakfast,Free Wi-Fi,Free parking,Air conditioning,Restaurant,Room service,Kitchen,Airport shuttle,2512.0,https://www.agoda.com/search?text=StayBird%20-%20B%20Suite%2C%20Business%20Hotel%20pune%20India
Hotel Sardar,3.5,pune,3-star hotel,Free Wi-Fi,Free parking,Air conditioning,Restaurant,Room service,Kitchen,Full-service laundry,Kid-friendly,1344.0,https://www.agoda.com/search?text=Hotel%20Sardar%20pune%20India
Sunny's World,4.2,pune,Free breakfast,Free Wi-Fi,Free parking,Pool,Air conditioning,Restaurant,Kitchen,Full-service laundry,Accessible,4549.0,https://www.agoda.com/search?text=Sunny%27s%20World%20pune%20India
Procida Hostel by Zero Jhanjhat,4.4,pune,Breakfast,Free Wi-Fi,Pool,Restaurant,Full-service laundry,Air conditioning,Restaurant,Full-service laundry,Spa,921.0,https://www.agoda.com/search?text=Procida%20Hostel%20by%20Zero%20Jhanjhat%20pune%20India
The Oakwood,4.0,pune,4-star hotel,Free breakfast,Wi-Fi,Paid parking,Air conditioning,Restaurant,Room service,Kitchen,Full-service laundry,3333.0,https://www.agoda.com/search?text=The%20Oakwood%20pune%20India
Sheraton Grand Pune Bund Garden Hotel,4.5,pune,5-star hotel,Breakfast,Free Wi-Fi,Free parking,Pool,Hot tub,Air conditioning,Fitness center,Spa,9435.0,https://www.agoda.com/search?text=Sheraton%20Grand%20Pune%20Bund%20Garden%20Hotel%20pune%20India
Pratikruti The Lakeview Resort,4.2,pune,3-star hotel,Free breakfast,Free Wi-Fi,Free parking,Pool,Air conditioning,Pet-friendly,Restaurant,Room service,1284.0,https://www.agoda.com/search?text=Pratikruti%20The%20Lakeview%20Resort%20pune%20India
Hotel Centro,4.4,pune,Breakfast,Free Wi-Fi,Free parking,Air conditioning,Restaurant,Room service,Full-service laundry,Accessible,Kid-friendly,2607.0,https://www.agoda.com/search?text=Hotel%20Centro%20pune%20India
St Laurn Hotel,3.9,pune,4-star hotel,Breakfast,Free Wi-Fi,Free parking,Pool,Air conditioning,Bar,Restaurant,Room service,4381.0,https://www.agoda.com/search?text=St%20Laurn%20Hotel%20pune%20India
Cherry Tree | Rooms & Wi-Fi,3.6,pune,Breakfast,Free Wi-Fi,Air conditioning,Fireplace,Free parking,Free Wi-Fi,No crib,No elevator,No fitness center,1588.0,https://www.agoda.com/search?text=Cherry%20Tree%20%7C%20Rooms%20%26%20Wi-Fi%20pune%20India
Fairfield by Marriott Pune Kharadi,4.3,pune,4-star hotel,Free breakfast,Free Wi-Fi,Free parking,Air conditioning,Fitness center,Bar,Restaurant,Room service,7280.0,https://www.agoda.com/search?text=Fairfield%20by%20Marriott%20Pune%20Kharadi%20pune%20India
Sunny's World,4.2,pune,Free breakfast,Free Wi-Fi,Free parking,Pool,Air conditioning,Restaurant,Kitchen,Full-service laundry,Accessible,4549.0,https://www.agoda.com/search?text=Sunny%27s%20World%20pune%20India
Novotel Chennai Sipcot,4.7,chennai,5-star hotel,Free breakfast,Free Wi-Fi,Free parking,Pool,Air conditioning,Fitness center,Bar,Restaurant,5145.0,https://www.agoda.com/search?text=Novotel%20Chennai%20Sipcot%20chennai%20India
Park Plaza Chennai OMR,4.1,chennai,5-star hotel,Breakfast,Free Wi-Fi,Free parking,Pool,Air conditioning,Fitness center,Spa,Bar,4704.0,https://www.agoda.com/search?text=Park%20Plaza%20Chennai%20OMR%20chennai%20India
Avenue 11 Boutique Residences | Rooms & Caretaker,4.0,chennai,Free breakfast,Free breakfast,Air conditioning,Fireplace,Paid parking,Free Wi-Fi,No crib,No elevator,No fitness center,3853.0,https://www.agoda.com/search?text=Avenue%2011%20Boutique%20Residences%20%7C%20Rooms%20%26%20Caretaker%20chennai%20India
"Olive Inn Luxurious 4-BHK Villa with Indoor Swimming Pool, Wifi, BBQ",3.4,chennai,Villa,Free Wi-Fi,Free Wi-Fi,7 bathrooms,Air conditioning,Pool,Kitchen,Smoke-free,Free parking,9753.0,https://www.agoda.com/search?text=Olive%20Inn%20Luxurious%204-BHK%20Villa%20with%20Indoor%20Swimming%20Pool%2C%20Wifi%2C%20BBQ%20chennai%20India
Juhu Beach House ECR,4.5,chennai,Free Wi-Fi,Free parking,Pool,Air conditioning,Beach access,Kitchen,Full-service laundry,No elevator,No elevator,4965.0,https://www.agoda.com/search?text=Juhu%20Beach%20House%20ECR%20chennai%20India
Umino Beach Resort Banquet Hall and Restaurant,4.3,chennai,Breakfast,Free Wi-Fi,Free parking,Pool,Air conditioning,Beach access,Restaurant,Room service,Full-service laundry,3677.0,https://www.agoda.com/search?text=Umino%20Beach%20Resort%20Banquet%20Hall%20and%20Restaurant%20chennai%20India
VGP Golden Beach Resort,3.9,chennai,2-star hotel,Free breakfast,Free Wi-Fi,Free parking,Pool,Hot tub,Air conditioning,Spa,Beach access,4267.0,https://www.agoda.com/search?text=VGP%20Golden%20Beach%20Resort%20chennai%20India
"Regenta Central RS, Chennai(OMR). 4 Star Hotel",4.2,chennai,Free breakfast,Free Wi-Fi,Free parking,Pool,Air conditioning,Fitness center,Bar,Restaurant,Room service,3366.0,https://www.agoda.com/search?text=Regenta%20Central%20RS%2C%20Chennai%28OMR%29.%204%20Star%20Hotel%20chennai%20India
Turyaa Chennai,4.3,chennai,5-star hotel,Free breakfast,Free Wi-Fi,Free parking,Pool,Air conditioning,Fitness center,Spa,Bar,3797.0,https://www.agoda.com/search?text=Turyaa%20Chennai%20chennai%20India
Blue Lagoon Beach Resort,3.9,chennai,3-star hotel,Free breakfast,Free Wi-Fi,Free parking,Pool,Air conditioning,Restaurant,Room service,Full-service laundry,6402.0,https://www.agoda.com/search?text=Blue%20Lagoon%20Beach%20Resort%20chennai%20India
Fairfield by Marriott Chennai OMR,4.2,chennai,4-star hotel,Free breakfast,Free Wi-Fi,Free parking,Air conditioning,Fitness center,Bar,Restaurant,Room service,3707.0,https://www.agoda.com/search?text=Fairfield%20by%20Marriott%20Chennai%20OMR%20chennai%20India
Four Points by Sheraton Chennai OMR,4.2,chennai,4-star hotel,Breakfast,Free Wi-Fi,Free parking,Pool,Air conditioning,Fitness center,Restaurant,Room service,5053.0,https://www.agoda.com/search?text=Four%20Points%20by%20Sheraton%20Chennai%20OMR%20chennai%20India
"Taj Club House, Chennai",4.4,chennai,5-star hotel,Free breakfast,Free Wi-Fi,Free parking,Pool,Air conditioning,Pet-friendly,Fitness center,Spa,7552.0,https://www.agoda.com/search?text=Taj%20Club%20House%2C%20Chennai%20chennai%20India
"Vivanta Chennai, IT Expressway",4.3,chennai,5-star hotel,Free breakfast,Free Wi-Fi,Free parking,Pool,Air conditioning,Pet-friendly,Fitness center,Spa,5485.0,https://www.agoda.com/search?text=Vivanta%20Chennai%2C%20IT%20Expressway%20chennai%20India
Ilara Hotels & Spa,4.6,chennai,3-star hotel,Free breakfast,Wi-Fi,Free parking,Pool,Air conditioning,Spa,Restaurant,Room service,4234.0,https://www.agoda.com/search?text=Ilara%20Hotels%20%26%20Spa%20chennai%20India
Maroma Suites,4.5,chennai,Free breakfast,Free Wi-Fi,Free parking,Pool,Air conditioning,Restaurant,Airport shuttle,Full-service laundry,Accessible,3795.0,https://www.agoda.com/search?text=Maroma%20Suites%20chennai%20India
The Madras Grand - Hotel Egmore,4.5,chennai,Free breakfast,Free Wi-Fi,Free parking,Air conditioning,Fitness center,Restaurant,Room service,Airport shuttle,Full-service laundry,4974.0,https://www.agoda.com/search?text=The%20Madras%20Grand%20-%20Hotel%20Egmore%20chennai%20India
"Holiday Inn Express Chennai Omr Thoraipakkam, an IHG Hotel",4.1,chennai,2-star hotel,Free breakfast,Free Wi-Fi,Free parking,Air conditioning,Fitness center,Restaurant,Room service,Airport shuttle,3859.0,https://www.agoda.com/search?text=Holiday%20Inn%20Express%20Chennai%20Omr%20Thoraipakkam%2C%20an%20IHG%20Hotel%20chennai%20India
"Crowne Plaza New Delhi Rohini, an IHG Hotel",4.4,delhi,4-star hotel,Breakfast,Free Wi-Fi,Free parking,Pool,Hot tub,Air conditioning,Fitness center,Spa,7825.0,https://www.agoda.com/search?text=Crowne%20Plaza%20New%20Delhi%20Rohini%2C%20an%20IHG%20Hotel%20delhi%20India
ट्राइडेंट होटल,4.6,delhi,5-star hotel,Free breakfast,Free Wi-Fi,Free parking,Pool,Hot tub,Air conditioning,Fitness center,Spa,12272.0,https://www.agoda.com/search?text=%E0%A4%9F%E0%A5%8D%E0%A4%B0%E0%A4%BE%E0%A4%87%E0%A4%A1%E0%A5%87%E0%A4%82%E0%A4%9F%20%E0%A4%B9%E0%A5%8B%E0%A4%9F%E0%A4%B2%20delhi%20India
Nu Delhi Homestay - Deluxe Double Room,4.6,delhi,House,Free parking,Free Wi-Fi,1 bathroom,2 beds,Air conditioning,Crib,Fitness center,Heating,1999.0,https://www.agoda.com/search?text=Nu%20Delhi%20Homestay%20-%20Deluxe%20Double%20Room%20delhi%20India
The Leela Ambience Convention Hotel Delhi,4.5,delhi,5-star hotel,Free breakfast,Wi-Fi,Free parking,Pool,Hot tub,Air conditioning,Fitness center,Spa,9809.0,https://www.agoda.com/search?text=The%20Leela%20Ambience%20Convention%20Hotel%20Delhi%20delhi%20India
Hotel City Park- Hotels in Delhi,4.2,delhi,4-star hotel,Free breakfast,Free Wi-Fi,Free parking,Pool,Hot tub,Air conditioning,Fitness center,Spa,5376.0,https://www.agoda.com/search?text=Hotel%20City%20Park-%20Hotels%20in%20Delhi%20delhi%20India
Hotel Mayda Residency By Mayda Hospitality Pvt. Ltd.,4.6,delhi,Breakfast,Free Wi-Fi,Free parking,Air conditioning,Restaurant,Room service,Airport shuttle,Full-service laundry,Accessible,1212.0,https://www.agoda.com/search?text=Hotel%20Mayda%20Residency%20By%20Mayda%20Hospitality%20Pvt.%20Ltd.%20delhi%20India
JRD Pride,4.4,delhi,3-star hotel,Free breakfast,Free Wi-Fi,Free parking,Air conditioning,Restaurant,Room service,Airport shuttle,Full-service laundry,4720.0,https://www.agoda.com/search?text=JRD%20Pride%20delhi%20India
Radisson Blu Hotel New Delhi Paschim Vihar,4.4,delhi,5-star hotel,Breakfast,Free Wi-Fi,Paid parking,Pool,Air conditioning,Fitness center,Spa,Bar,7285.0,https://www.agoda.com/search?text=Radisson%20Blu%20Hotel%20New%20Delhi%20Paschim%20Vihar%20delhi%20India
IIDL Suites,4.3,delhi,5-star hotel,Free breakfast,Free Wi-Fi,Free parking,Pool,Hot tub,Air conditioning,Fitness center,Spa,5720.0,https://www.agoda.com/search?text=IIDL%20Suites%20delhi%20India
Park Inn by Radisson New Delhi IP Extension,4.3,delhi,4-star hotel,Breakfast,Free Wi-Fi,Free parking,Pool,Air conditioning,Fitness center,Bar,Restaurant,6828.0,https://www.agoda.com/search?text=Park%20Inn%20by%20Radisson%20New%20Delhi%20IP%20Extension%20delhi%20India
IIDL Suites,3.8,delhi,Apartment,Free breakfast,Air conditioning,Airport shuttle,Elevator,Fireplace,Fitness center,Hot tub,Kitchen,6163.0,https://www.agoda.com/search?text=IIDL%20Suites%20delhi%20India
"Welcomhotel By ITC Hotels, Dwarka, New Delhi - Contemporary Hotel in the Capital | Ideal for Business & Leisure Travellers",4.5,delhi,5-star hotel,Free breakfast,Free Wi-Fi,Free parking,Pool,Air conditioning,Fitness center,Spa,Bar,8141.0,https://www.agoda.com/search?text=Welcomhotel%20By%20ITC%20Hotels%2C%20Dwarka%2C%20New%20Delhi%20-%20Contemporary%20Hotel%20in%20the%20Capital%20%7C%20Ideal%20for%20Business%20%26%20Leisure%20Travellers%20delhi%20India
Sarovar Portico Naraina,3.9,delhi,3-star hotel,Free breakfast,Free Wi-Fi,Free parking,Air conditioning,Restaurant,Room service,Kitchen,Airport shuttle,4536.0,https://www.agoda.com/search?text=Sarovar%20Portico%20Naraina%20delhi%20India
Hyatt Centric Janakpuri New Delhi,3.8,delhi,5-star hotel,Free breakfast,Free Wi-Fi,Free parking,Pool,Air conditioning,Fitness center,Spa,Bar,7484.0,https://www.agoda.com/search?text=Hyatt%20Centric%20Janakpuri%20New%20Delhi%20delhi%20India
"Taj Palace, New Delhi",4.7,delhi,5-star hotel,Breakfast,Wi-Fi,Free parking,Pool,Hot tub,Air conditioning,Fitness center,Spa,15050.0,https://www.agoda.com/search?text=Taj%20Palace%2C%20New%20Delhi%20delhi%20India
The Pamposh,3.7,delhi,3-star hotel,Free breakfast,Free Wi-Fi,Air conditioning,Restaurant,Full-service laundry,Business center,Kid-friendly,Bar,3931.0,https://www.agoda.com/search?text=The%20Pamposh%20delhi%20India
Caves by Craftels,4.7,delhi,Breakfast,Free Wi-Fi,Free parking,Pool,Hot tub,Air conditioning,Spa,Restaurant,Room service,5040.0,https://www.agoda.com/search?text=Caves%20by%20Craftels%20delhi%20India
Bloomrooms @ Janpath,4.4,delhi,3-star hotel,Breakfast,Free Wi-Fi,Free parking,Air conditioning,Fitness center,Restaurant,Room service,Full-service laundry,6451.0,https://www.agoda.com/search?text=Bloomrooms%20%40%20Janpath%20delhi%20India
Ramada by Wyndham New Delhi Pitampura,3.9,delhi,4-star hotel,Free breakfast,Free Wi-Fi,Free parking,Air conditioning,Fitness center,Restaurant,Room service,Accessible,6305.0,https://www.agoda.com/search?text=Ramada%20by%20Wyndham%20New%20Delhi%20Pitampura%20delhi%20India
Bloom Boutique | GK-1,4.2,delhi,3-star hotel,Breakfast,Free Wi-Fi,Free parking,Air conditioning,Restaurant,Room service,Kitchen,Full-service laundry,4659.0,https://www.agoda.com/search?text=Bloom%20Boutique%20%7C%20GK-1%20delhi%20India
The Grand Parisian,4.2,delhi,3-star hotel,Free breakfast,Wi-Fi,Air conditioning,Restaurant,Room service,Full-service laundry,Kid-friendly,Airport shuttle,4673.0,https://www.agoda.com/search?text=The%20Grand%20Parisian%20delhi%20India
amigosindia,4.5,delhi,1-star hotel,Breakfast,Free Wi-Fi,Paid parking,Air conditioning,Pet-friendly,Restaurant,Kitchen,Airport shuttle,706.0,https://www.agoda.com/search?text=amigosindia%20delhi%20India
Holiday Inn Express New Delhi Int'l Airport T3,4.2,delhi,3-star hotel,Free breakfast,Free Wi-Fi,Air conditioning,Fitness center,Spa,Paid parking,Bar,Restaurant,14081.0,https://www.agoda.com/search?text=Holiday%20Inn%20Express%20New%20Delhi%20Int%27l%20Airport%20T3%20delhi%20India
"Welcomhotel By ITC Hotels, Dwarka, New Delhi - Contemporary Hotel in the Capital | Ideal for Business & Leisure Travellers",4.5,delhi,5-star hotel,Free breakfast,Free Wi-Fi,Free parking,Pool,Air conditioning,Fitness center,Spa,Bar,10195.0,https://www.agoda.com/search?text=Welcomhotel%20By%20ITC%20Hotels%2C%20Dwarka%2C%20New%20Delhi%20-%20Contemporary%20Hotel%20in%20the%20Capital%20%7C%20Ideal%20for%20Business%20%26%20Leisure%20Travellers%20delhi%20India
Treebo Trend Lazystay Grand - Hotel in Bhubaneswar,4.1,bhubaneswar,Free breakfast,Free Wi-Fi,Paid parking,Pool,Restaurant,Room service,Kitchen,Full-service laundry,No beach access,2920.0,https://www.agoda.com/search?text=Treebo%20Trend%20Lazystay%20Grand%20-%20Hotel%20in%20Bhubaneswar%20bhubaneswar%20India
"MAYFAIR Convention, Bhubaneswar",4.5,bhubaneswar,4-star hotel,Free breakfast,Free Wi-Fi,Free parking,Hot tub,Air conditioning,Fitness center,Spa,Bar,6476.0,https://www.agoda.com/search?text=MAYFAIR%20Convention%2C%20Bhubaneswar%20bhubaneswar%20India
Hello Stay Hotel Bhubaneswar,4.2,bhubaneswar,Breakfast,Free Wi-Fi,Paid parking,Air conditioning,Kitchen,Airport shuttle,Full-service laundry,Kid-friendly,Accessible,1231.0,https://www.agoda.com/search?text=Hello%20Stay%20Hotel%20Bhubaneswar%20bhubaneswar%20India
Hotel SJ Pride,4.8,bhubaneswar,2-star hotel,Free Wi-Fi,Pool,Restaurant,Kitchen,Airport shuttle,Full-service laundry,Room service,Spa,1239.0,https://www.agoda.com/search?text=Hotel%20SJ%20Pride%20bhubaneswar%20India
Empires Hotel Bhubaneswar,4.1,bhubaneswar,3-star hotel,Breakfast,Free Wi-Fi,Paid parking,Pool,Air conditioning,Fitness center,Spa,Bar,3646.0,https://www.agoda.com/search?text=Empires%20Hotel%20Bhubaneswar%20bhubaneswar%20India
"MAYFAIR Convention, Bhubaneswar",4.5,bhubaneswar,4-star hotel,Free breakfast,Free Wi-Fi,Free parking,Hot tub,Air conditioning,Fitness center,Spa,Bar,5975.0,https://www.agoda.com/search?text=MAYFAIR%20Convention%2C%20Bhubaneswar%20bhubaneswar%20India
"Mango Hotels–Prangan, Bhubaneswar",4.1,bhubaneswar,3-star hotel,Breakfast,Free Wi-Fi,Free parking,Air conditioning,Restaurant,Room service,Kitchen,Airport shuttle,3126.0,https://www.agoda.com/search?text=Mango%20Hotels%E2%80%93Prangan%2C%20Bhubaneswar%20bhubaneswar%20India
Mayfair Lagoon,4.6,bhubaneswar,5-star hotel,Free breakfast,Free Wi-Fi,Free parking,Pool,Hot tub,Air conditioning,Fitness center,Spa,10779.0,https://www.agoda.com/search?text=Mayfair%20Lagoon%20bhubaneswar%20India
Venus Inn Restaurant,4.1,bhubaneswar,4-star hotel,Free breakfast,Free Wi-Fi,Air conditioning,Restaurant,Room service,Airport shuttle,Full-service laundry,Kid-friendly,1948.0,https://www.agoda.com/search?text=Venus%20Inn%20Restaurant%20bhubaneswar%20India
Ginger Bhubaneshwar,3.9,bhubaneswar,2-star hotel,Free Wi-Fi,Paid parking,Air conditioning,Fitness center,Breakfast,Full-service laundry,Kid-friendly,Bar,2959.0,https://www.agoda.com/search?text=Ginger%20Bhubaneshwar%20bhubaneswar%20India
THE GREENSTAR INN PREMIUM,4.6,bhubaneswar,Breakfast,Free Wi-Fi,Free parking,Pool,Air conditioning,Restaurant,Room service,Kitchen,Accessible,1512.0,https://www.agoda.com/search?text=THE%20GREENSTAR%20INN%20PREMIUM%20bhubaneswar%20India
IRA By Orchid Bhubaneswar ( Formerly Vits Bhubaneswar ),4.1,bhubaneswar,4-star hotel,Free breakfast,Free Wi-Fi,Free parking,Pool,Air conditioning,Fitness center,Restaurant,Room service,3782.0,https://www.agoda.com/search?text=IRA%20By%20Orchid%20Bhubaneswar%20%28%20Formerly%20Vits%20Bhubaneswar%20%29%20bhubaneswar%20India
Swosti Premium - Luxury 5-Star Hotel in Bhubaneswar,4.3,bhubaneswar,5-star hotel,Free breakfast,Free Wi-Fi,Free parking,Pool,Air conditioning,Fitness center,Bar,Restaurant,6215.0,https://www.agoda.com/search?text=Swosti%20Premium%20-%20Luxury%205-Star%20Hotel%20in%20Bhubaneswar%20bhubaneswar%20India
"Vivanta Bhubaneswar, DN Square",4.6,bhubaneswar,5-star hotel,Free breakfast,Free Wi-Fi,Free parking,Pool,Air conditioning,Pet-friendly,Fitness center,Spa,9089.0,https://www.agoda.com/search?text=Vivanta%20Bhubaneswar%2C%20DN%20Square%20bhubaneswar%20India
"Welcomhotel By ITC Hotels, Bhubaneswar-LEED Platinum Certified Premium Hotel Near the Airport| 1.5 hrs away from Puri",4.7,bhubaneswar,4-star hotel,Breakfast,Free Wi-Fi,Free parking,Pool,Air conditioning,Fitness center,Spa,Bar,7616.0,https://www.agoda.com/search?text=Welcomhotel%20By%20ITC%20Hotels%2C%20Bhubaneswar-LEED%20Platinum%20Certified%20Premium%20Hotel%20Near%20the%20Airport%7C%201.5%20hrs%20away%20from%20Puri%20bhubaneswar%20India
Hotel Excellency (A Unit of Excellency Resorts Pvt. Ltd.),4.1,bhubaneswar,4-star hotel,Free breakfast,Free Wi-Fi,Free parking,Pool,Air conditioning,Fitness center,Bar,Restaurant,3395.0,https://www.agoda.com/search?text=Hotel%20Excellency%20%28A%20Unit%20of%20Excellency%20Resorts%20Pvt.%20Ltd.%29%20bhubaneswar%20India
Super OYO Townhouse 235 Swain Heritage,4.4,bhubaneswar,Apartment,Paid parking,Free parking,Air conditioning,Cable TV,Free Wi-Fi,No airport shuttle,No beach access,No elevator,2044.0,https://www.agoda.com/search?text=Super%20OYO%20Townhouse%20235%20Swain%20Heritage%20bhubaneswar%20India
Treebo Trend Oasis,4.2,bhubaneswar,3-star hotel,Free breakfast,Free Wi-Fi,Free parking,Pool,Air conditioning,Restaurant,Kitchen,Full-service laundry,2854.0,https://www.agoda.com/search?text=Treebo%20Trend%20Oasis%20bhubaneswar%20India
IRA By Orchid Bhubaneswar ( Formerly Vits Bhubaneswar ),4.1,bhubaneswar,4-star hotel,Free breakfast,Free Wi-Fi,Free parking,Pool,Air conditioning,Fitness center,Restaurant,Room service,4367.0,https://www.agoda.com/search?text=IRA%20By%20Orchid%20Bhubaneswar%20%28%20Formerly%20Vits%20Bhubaneswar%20%29%20bhubaneswar%20India
The Westin Goa,4.6,goa,5-star hotel,Breakfast,Free Wi-Fi,Free parking,Pool,Air conditioning,Fitness center,Spa,Bar,20650.0,https://www.agoda.com/search?text=The%20Westin%20Goa%20goa%20India
The LaLiT Golf & Spa Resort Goa,4.4,goa,5-star hotel,Free breakfast,Wi-Fi,Free parking,Pool,Hot tub,Air conditioning,Fitness center,Spa,16756.0,https://www.agoda.com/search?text=The%20LaLiT%20Golf%20%26%20Spa%20Resort%20Goa%20goa%20India
Casa Seaesta Beach Cottages and Suites,3.6,goa,3-star hotel,Free breakfast,Air conditioning,Airport shuttle,Pool,Smoke-free,Free parking,Free Wi-Fi,No beach access,2466.0,https://www.agoda.com/search?text=Casa%20Seaesta%20Beach%20Cottages%20and%20Suites%20goa%20India
Radisson Resort Goa Baga,4.8,goa,4-star hotel,Breakfast,Free Wi-Fi,Free parking,Pool,Hot tub,Air conditioning,Fitness center,Spa,4397.0,https://www.agoda.com/search?text=Radisson%20Resort%20Goa%20Baga%20goa%20India
W Goa,4.5,goa,5-star hotel,Free breakfast,Free Wi-Fi,Free parking,Pool,Air conditioning,Pet-friendly,Fitness center,Spa,7435.0,https://www.agoda.com/search?text=W%20Goa%20goa%20India
"The Hosteller Goa, Arpora",4.3,goa,Breakfast,Free Wi-Fi,Free parking,Pool,Air conditioning,Restaurant,Room service,Restaurant,Accessible,1157.0,https://www.agoda.com/search?text=The%20Hosteller%20Goa%2C%20Arpora%20goa%20India
Grand Hyatt Goa,4.6,goa,5-star hotel,Breakfast,Free Wi-Fi,Free parking,Pool,Hot tub,Air conditioning,Fitness center,Spa,20307.0,https://www.agoda.com/search?text=Grand%20Hyatt%20Goa%20goa%20India
Little India Beach Cottages,4.0,goa,House,Free parking,Air conditioning,5 bathrooms,Air conditioning,Pool,Free parking,Free Wi-Fi,No airport shuttle,6947.0,https://www.agoda.com/search?text=Little%20India%20Beach%20Cottages%20goa%20India
"Holiday Inn Resort Goa, an IHG Hotel",4.6,goa,5-star hotel,Breakfast,Free Wi-Fi,Free parking,Pool,Air conditioning,Fitness center,Spa,Beach access,11934.0,https://www.agoda.com/search?text=Holiday%20Inn%20Resort%20Goa%2C%20an%20IHG%20Hotel%20goa%20India
Agonda Paradise Beach Huts,4.2,goa,Free breakfast,Free breakfast,Air conditioning,Fireplace,Cable TV,Paid parking,Free Wi-Fi,No beach access,No crib,4200.0,https://www.agoda.com/search?text=Agonda%20Paradise%20Beach%20Huts%20goa%20India
Pitruchaya Sea View Cottages by Vyom Trails,4.1,goa,Breakfast,Free Wi-Fi,Free parking,Paid parking,Pool,Air conditioning,Paid parking,Kitchen,Bar,1617.0,https://www.agoda.com/search?text=Pitruchaya%20Sea%20View%20Cottages%20by%20Vyom%20Trails%20goa%20India
The LaLiT Golf & Spa Resort Goa,4.4,goa,5-star hotel,Free breakfast,Wi-Fi,Free parking,Pool,Hot tub,Air conditioning,Fitness center,Spa,11855.0,https://www.agoda.com/search?text=The%20LaLiT%20Golf%20%26%20Spa%20Resort%20Goa%20goa%20India
"Whoopers Boutique Hotel, Anjuna",4.9,goa,Breakfast,Free Wi-Fi,Free parking,Pool,Pool,Beach access,Restaurant,Full-service laundry,Spa,1612.0,https://www.agoda.com/search?text=Whoopers%20Boutique%20Hotel%2C%20Anjuna%20goa%20India
"The Hosteller Goa, Candolim",4.7,goa,Free Wi-Fi,Free parking,Pool,Air conditioning,Breakfast,Room service,Full-service laundry,Kid-friendly,No fitness center,1315.0,https://www.agoda.com/search?text=The%20Hosteller%20Goa%2C%20Candolim%20goa%20India
Tropical Bay,3.8,goa,Free breakfast,Free Wi-Fi,Free parking,Air conditioning,Pet-friendly,Bar,Kitchen,Kid-friendly,Full-service laundry,1344.0,https://www.agoda.com/search?text=Tropical%20Bay%20goa%20India
Cola Goa Beach Resort,4.3,goa,Free breakfast,Free Wi-Fi,Free parking,Pool,Hot tub,Air conditioning,Spa,Beach access,Bar,12744.0,https://www.agoda.com/search?text=Cola%20Goa%20Beach%20Resort%20goa%20India
Blue Lagoon Resort | Room & Restaurant,3.9,goa,Villa,Free breakfast,Free parking,Fireplace,Paid parking,Free Wi-Fi,No air conditioning,No crib,No elevator,4487.0,https://www.agoda.com/search?text=Blue%20Lagoon%20Resort%20%7C%20Room%20%26%20Restaurant%20goa%20India
Radisson Blu Resort Goa Cavelossim Beach,4.4,goa,5-star hotel,Breakfast,Free Wi-Fi,Free parking,Pool,Hot tub,Air conditioning,Fitness center,Spa,15898.0,https://www.agoda.com/search?text=Radisson%20Blu%20Resort%20Goa%20Cavelossim%20Beach%20goa%20India
"Vivanta Goa, Miramar",4.5,goa,5-star hotel,Free breakfast,Free Wi-Fi,Free parking,Pool,Pet-friendly,Fitness center,Restaurant,Room service,11788.0,https://www.agoda.com/search?text=Vivanta%20Goa%2C%20Miramar%20goa%20India
Mayfair on Sea,4.5,goa,5-star hotel,Free breakfast,Free Wi-Fi,Free parking,Restaurant,Room service,Bar,Restaurant,Kid-friendly,10620.0,https://www.agoda.com/search?text=Mayfair%20on%20Sea%20goa%20India
"The Zuri White Sands, Goa Resort & Casino",4.4,goa,5-star hotel,Free breakfast,Free Wi-Fi,Free parking,Pool,Hot tub,Air conditioning,Fitness center,Spa,16795.0,https://www.agoda.com/search?text=The%20Zuri%20White%20Sands%2C%20Goa%20Resort%20%26%20Casino%20goa%20India
The Queeny,3.4,goa,3-star hotel,Free breakfast,Wi-Fi,Free parking,Pool,Air conditioning,Fitness center,Restaurant,Room service,1435.0,https://www.agoda.com/search?text=The%20Queeny%20goa%20India
"Holiday Inn Goa Candolim, an IHG Hotel",4.7,goa,5-star hotel,Breakfast,Free Wi-Fi,Free parking,Pool,Air conditioning,Fitness center,Restaurant,Room service,15503.0,https://www.agoda.com/search?text=Holiday%20Inn%20Goa%20Candolim%2C%20an%20IHG%20Hotel%20goa%20India
"Taj Holiday Village Resort and Spa, Goa",4.7,goa,5-star hotel,Free breakfast,Free Wi-Fi,Free parking,Pool,Hot tub,Air conditioning,Fitness center,Spa,26550.0,https://www.agoda.com/search?text=Taj%20Holiday%20Village%20Resort%20and%20Spa%2C%20Goa%20goa%20India
ibis Mumbai Vikhroli,4.5,mumbai,Free breakfast,Free Wi-Fi,Free parking,Air conditioning,Pet-friendly,Fitness center,Restaurant,Room service,Airport shuttle,7392.0,https://www.agoda.com/search?text=ibis%20Mumbai%20Vikhroli%20mumbai%20India
The Lalit Mumbai,4.4,mumbai,5-star hotel,Free breakfast,Free Wi-Fi,Free parking,Pool,Hot tub,Air conditioning,Fitness center,Spa,14278.0,https://www.agoda.com/search?text=The%20Lalit%20Mumbai%20mumbai%20India
JW Marriott Mumbai Juhu,4.6,mumbai,5-star hotel,Free Wi-Fi,Free parking,Pool,Air conditioning,Fitness center,Spa,Breakfast,Beach access,5725.0,https://www.agoda.com/search?text=JW%20Marriott%20Mumbai%20Juhu%20mumbai%20India
Empire Royale Hotel,4.4,mumbai,3-star hotel,Free breakfast,Free Wi-Fi,Free parking,Pool,Restaurant,Kitchen,Full-service laundry,Bar,1582.0,https://www.agoda.com/search?text=Empire%20Royale%20Hotel%20mumbai%20India
"The Taj Mahal Palace, Mumbai",4.7,mumbai,5-star hotel,Free breakfast,Free Wi-Fi,Paid parking,Pool,Hot tub,Air conditioning,Fitness center,Spa,33021.0,https://www.agoda.com/search?text=The%20Taj%20Mahal%20Palace%2C%20Mumbai%20mumbai%20India
Grand Hyatt Mumbai Hotel & Residences,4.5,mumbai,5-star hotel,Breakfast,Free Wi-Fi,Free parking,Pool,Hot tub,Air conditioning,Pet-friendly,Fitness center,14025.0,https://www.agoda.com/search?text=Grand%20Hyatt%20Mumbai%20Hotel%20%26%20Residences%20mumbai%20India
Shahana Guest House,3.1,mumbai,2-star hotel,Breakfast,Free Wi-Fi,Air conditioning,Full-service laundry,Bar,Full-service laundry,Fitness center,Room service,635.0,https://www.agoda.com/search?text=Shahana%20Guest%20House%20mumbai%20India
SAINA RESORT,3.6,mumbai,3-star hotel,Free breakfast,Free Wi-Fi,Free parking,Pool,Air conditioning,Restaurant,Accessible,Kid-friendly,5082.0,https://www.agoda.com/search?text=SAINA%20RESORT%20mumbai%20India
Stay Villa Dormitory (for Male and Female),5.0,mumbai,Bungalow,Free breakfast,Free Wi-Fi,7 bathrooms,Air conditioning,Kid-friendly,Kitchen,Smoke-free,No fitness center,952.0,https://www.agoda.com/search?text=Stay%20Villa%20Dormitory%20%28for%20Male%20and%20Female%29%20mumbai%20India
Hotel Milan International,3.9,mumbai,Breakfast,Free Wi-Fi,Free parking,Air conditioning,Restaurant,Room service,Airport shuttle,Full-service laundry,Accessible,1389.0,https://www.agoda.com/search?text=Hotel%20Milan%20International%20mumbai%20India
Gagal Home BKC Suite | Rooms & Caretaker,3.7,mumbai,Free breakfast,Free Wi-Fi,Air conditioning,Elevator,Fireplace,Kitchen,Paid parking,Free Wi-Fi,No crib,4208.0,https://www.agoda.com/search?text=Gagal%20Home%20BKC%20Suite%20%7C%20Rooms%20%26%20Caretaker%20mumbai%20India
Qubestay Airport Capsule Hotel And Hostel,4.1,mumbai,Free breakfast,Free Wi-Fi,Air conditioning,Restaurant,Full-service laundry,Kid-friendly,Air conditioning,Room service,Bar,1334.0,https://www.agoda.com/search?text=Qubestay%20Airport%20Capsule%20Hotel%20And%20Hostel%20mumbai%20India
"Ginger Mumbai, Goregaon",4.0,mumbai,Free breakfast,Free Wi-Fi,Paid parking,Pool,Air conditioning,Restaurant,Room service,Full-service laundry,Bar,4031.0,https://www.agoda.com/search?text=Ginger%20Mumbai%2C%20Goregaon%20mumbai%20India
The Lalit Mumbai,4.4,mumbai,5-star hotel,Free breakfast,Free Wi-Fi,Free parking,Pool,Hot tub,Air conditioning,Fitness center,Spa,11101.0,https://www.agoda.com/search?text=The%20Lalit%20Mumbai%20mumbai%20India
Royal Palms Villas with Private Pool,4.0,mumbai,Free Wi-Fi,Paid parking,Pool,Spa,Kitchen,Full-service laundry,No elevator,Smoke-free,Airport shuttle,20536.0,https://www.agoda.com/search?text=Royal%20Palms%20Villas%20with%20Private%20Pool%20mumbai%20India
The Leela Mumbai - Resort Style Business Hotel,4.5,mumbai,5-star hotel,Free breakfast,Free Wi-Fi,Free parking,Pool,Hot tub,Air conditioning,Fitness center,Spa,11210.0,https://www.agoda.com/search?text=The%20Leela%20Mumbai%20-%20Resort%20Style%20Business%20Hotel%20mumbai%20India
Hotel Nest N Rest - Mumbai,4.4,mumbai,Pool,Air conditioning,Restaurant,Room service,Kitchen,Full-service laundry,Air conditioning,Room service,Bar,1116.0,https://www.agoda.com/search?text=Hotel%20Nest%20N%20Rest%20-%20Mumbai%20mumbai%20India
Novotel Mumbai Juhu Beach,4.3,mumbai,5-star hotel,Breakfast,Free Wi-Fi,Free parking,Pool,Air conditioning,Pet-friendly,Fitness center,Beach access,11785.0,https://www.agoda.com/search?text=Novotel%20Mumbai%20Juhu%20Beach%20mumbai%20India
Airport inn residency,3.7,mumbai,3-star hotel,Free breakfast,Free Wi-Fi,Paid parking,Air conditioning,Restaurant,Room service,Airport shuttle,Full-service laundry,1109.0,https://www.agoda.com/search?text=Airport%20inn%20residency%20mumbai%20India
Courtyard by Marriott Mumbai International Airport,4.4,mumbai,4-star hotel,Breakfast,Free Wi-Fi,Free parking,Pool,Air conditioning,Fitness center,Spa,Bar,11103.0,https://www.agoda.com/search?text=Courtyard%20by%20Marriott%20Mumbai%20International%20Airport%20mumbai%20India
JW Marriott Mumbai Sahar,4.6,mumbai,5-star hotel,Breakfast,Free Wi-Fi,Free parking,Pool,Air conditioning,Fitness center,Spa,Bar,12963.0,https://www.agoda.com/search?text=JW%20Marriott%20Mumbai%20Sahar%20mumbai%20India
The Westin Mumbai Garden City,4.5,mumbai,5-star hotel,Free Wi-Fi,Free parking,Pool,Hot tub,Air conditioning,Fitness center,Spa,Breakfast,12963.0,https://www.agoda.com/search?text=The%20Westin%20Mumbai%20Garden%20City%20mumbai%20India
"Holiday Inn Mumbai International Airport, an IHG Hotel",4.5,mumbai,4-star hotel,Breakfast,Free Wi-Fi,Free parking,Pool,Air conditioning,Fitness center,Spa,Bar,10619.0,https://www.agoda.com/search?text=Holiday%20Inn%20Mumbai%20International%20Airport%2C%20an%20IHG%20Hotel%20mumbai%20India
Novotel Mumbai Juhu Beach,4.3,mumbai,5-star hotel,Breakfast,Free Wi-Fi,Free parking,Pool,Air conditioning,Pet-friendly,Fitness center,Beach access,11800.0,https://www.agoda.com/search?text=Novotel%20Mumbai%20Juhu%20Beach%20mumbai%20India
Fairfield by Marriott Lucknow,4.3,lucknow,4-star hotel,Free breakfast,Free Wi-Fi,Free parking,Air conditioning,Fitness center,Bar,Restaurant,Room service,4816.0,https://www.agoda.com/search?text=Fairfield%20by%20Marriott%20Lucknow%20lucknow%20India
Novotel Lucknow Gomti Nagar,4.5,lucknow,5-star hotel,Free breakfast,Free Wi-Fi,Free parking,Pool,Air conditioning,Pet-friendly,Fitness center,Bar,6551.0,https://www.agoda.com/search?text=Novotel%20Lucknow%20Gomti%20Nagar%20lucknow%20India
Townhouse 1166 Bsa Townhouse,3.7,lucknow,Apartment,Free breakfast,Free parking,Free parking,Free Wi-Fi,No air conditioning,No airport shuttle,No beach access,No elevator,1296.0,https://www.agoda.com/search?text=Townhouse%201166%20Bsa%20Townhouse%20lucknow%20India
Hyatt Regency Lucknow,4.4,lucknow,5-star hotel,Breakfast,Free Wi-Fi,Free parking,Pool,Air conditioning,Fitness center,Spa,Bar,4480.0,https://www.agoda.com/search?text=Hyatt%20Regency%20Lucknow%20lucknow%20India
Fairfield by Marriott Lucknow,4.3,lucknow,4-star hotel,Free breakfast,Free Wi-Fi,Free parking,Air conditioning,Fitness center,Bar,Restaurant,Room service,4814.0,https://www.agoda.com/search?text=Fairfield%20by%20Marriott%20Lucknow%20lucknow%20India
Radisson Lucknow City Center,4.3,lucknow,3-star hotel,Breakfast,Free Wi-Fi,Paid parking,Pool,Air conditioning,Fitness center,Spa,Bar,4189.0,https://www.agoda.com/search?text=Radisson%20Lucknow%20City%20Center%20lucknow%20India
Taj Mahal Lucknow,4.6,lucknow,5-star hotel,Free breakfast,Free Wi-Fi,Free parking,Pool,Air conditioning,Fitness center,Spa,Bar,10936.0,https://www.agoda.com/search?text=Taj%20Mahal%20Lucknow%20lucknow%20India
The Regnant,4.2,lucknow,Breakfast,Free Wi-Fi,Paid parking,Pool,Air conditioning,Fitness center,Bar,Restaurant,Room service,3892.0,https://www.agoda.com/search?text=The%20Regnant%20lucknow%20India
Hilton Garden Inn Lucknow,4.3,lucknow,4-star hotel,Free breakfast,Free Wi-Fi,Free parking,Pool,Air conditioning,Fitness center,Bar,Restaurant,5663.0,https://www.agoda.com/search?text=Hilton%20Garden%20Inn%20Lucknow%20lucknow%20India
Ginger Lucknow,4.0,lucknow,3-star hotel,Free Wi-Fi,Paid parking,Air conditioning,Fitness center,Breakfast,Full-service laundry,Kid-friendly,Airport shuttle,2664.0,https://www.agoda.com/search?text=Ginger%20Lucknow%20lucknow%20India
DCorbiz Hotel & Restaurant,4.0,lucknow,3-star hotel,Free breakfast,Free Wi-Fi,Free parking,Pool,Air conditioning,Restaurant,Room service,Full-service laundry,2108.0,https://www.agoda.com/search?text=DCorbiz%20Hotel%20%26%20Restaurant%20lucknow%20India
Hotel Aryan,3.8,lucknow,2-star hotel,Free Wi-Fi,Room service,Kitchen,Full-service laundry,Kid-friendly,Room service,Room service,Airport shuttle,587.0,https://www.agoda.com/search?text=Hotel%20Aryan%20lucknow%20India
Hotel Golden Orchid,4.0,lucknow,3-star hotel,Free breakfast,Free Wi-Fi,Paid parking,Air conditioning,Room service,Kitchen,Airport shuttle,Full-service laundry,2218.0,https://www.agoda.com/search?text=Hotel%20Golden%20Orchid%20lucknow%20India
Fortune Park BBD - Hotel in Lucknow,4.3,lucknow,4-star hotel,Free breakfast,Free Wi-Fi,Free parking,Pool,Air conditioning,Fitness center,Spa,Bar,7197.0,https://www.agoda.com/search?text=Fortune%20Park%20BBD%20-%20Hotel%20in%20Lucknow%20lucknow%20India
Hotel Millenia Regency Lucknow,4.2,lucknow,Free breakfast,Free parking,Pool,Air conditioning,Restaurant,Room service,Full-service laundry,Accessible,Kid-friendly,2814.0,https://www.agoda.com/search?text=Hotel%20Millenia%20Regency%20Lucknow%20lucknow%20India
Golden Tulip Lucknow,4.2,lucknow,4-star hotel,Free breakfast,Free Wi-Fi,Free parking,Pool,Air conditioning,Fitness center,Spa,Bar,7271.0,https://www.agoda.com/search?text=Golden%20Tulip%20Lucknow%20lucknow%20India
The Grand Radiant-3 Star Hotel in Lucknow,4.0,lucknow,4-star hotel,Free breakfast,Free Wi-Fi,Free parking,Pool,Air conditioning,Restaurant,Room service,Airport shuttle,2453.0,https://www.agoda.com/search?text=The%20Grand%20Radiant-3%20Star%20Hotel%20in%20Lucknow%20lucknow%20India
Comfort Inn,4.1,lucknow,3-star hotel,Free breakfast,Free Wi-Fi,Free parking,Pool,Air conditioning,Fitness center,Restaurant,Room service,3394.0,https://www.agoda.com/search?text=Comfort%20Inn%20lucknow%20India
"lebua Lucknow, Saraca Estate",4.3,lucknow,4-star hotel,Free breakfast,Wi-Fi,Free parking,Pool,Air conditioning,Fitness center,Restaurant,Room service,7621.0,https://www.agoda.com/search?text=lebua%20Lucknow%2C%20Saraca%20Estate%20lucknow%20India
Comfort Hotel Vista,4.6,lucknow,3-star hotel,Free breakfast,Free Wi-Fi,Free parking,Pool,Air conditioning,Restaurant,Room service,Full-service laundry,6160.0,https://www.agoda.com/search?text=Comfort%20Hotel%20Vista%20lucknow%20India
Hilton Garden Inn Lucknow,4.3,lucknow,4-star hotel,Free breakfast,Free Wi-Fi,Free parking,Pool,Air conditioning,Fitness center,Bar,Restaurant,5664.0,https://www.agoda.com/search?text=Hilton%20Garden%20Inn%20Lucknow%20lucknow%20India
The Park Hotel,4.4,kolkata,5-star hotel,Free breakfast,Free Wi-Fi,Paid parking,Pool,Hot tub,Air conditioning,Fitness center,Spa,7295.0,https://www.agoda.com/search?text=The%20Park%20Hotel%20kolkata%20India
"The Oberoi Grand, Kolkata",4.4,kolkata,5-star hotel,Free breakfast,Free Wi-Fi,Free parking,Pool,Hot tub,Air conditioning,Fitness center,Spa,4534.0,https://www.agoda.com/search?text=The%20Oberoi%20Grand%2C%20Kolkata%20kolkata%20India
"The Oberoi Grand, Kolkata",4.4,kolkata,5-star hotel,Free breakfast,Free Wi-Fi,Free parking,Pool,Hot tub,Air conditioning,Fitness center,Spa,6048.0,https://www.agoda.com/search?text=The%20Oberoi%20Grand%2C%20Kolkata%20kolkata%20India
The Elite Apartment Hotel,4.7,kolkata,3-star hotel,Free breakfast,Free Wi-Fi,Free parking,Air conditioning,Pet-friendly,Restaurant,Kitchen,Airport shuttle,784.0,https://www.agoda.com/search?text=The%20Elite%20Apartment%20Hotel%20kolkata%20India
Golden Parkk Hotel,4.0,kolkata,3-star hotel,Free breakfast,Free Wi-Fi,Paid parking,Air conditioning,Spa,Bar,Restaurant,Room service,3790.0,https://www.agoda.com/search?text=Golden%20Parkk%20Hotel%20kolkata%20India
Aristro Club,4.0,kolkata,3-star hotel,Breakfast,Free Wi-Fi,Free parking,Pool,Air conditioning,Pet-friendly,Restaurant,Room service,1344.0,https://www.agoda.com/search?text=Aristro%20Club%20kolkata%20India
The Panash (Hotel and Banquets),4.4,kolkata,Free breakfast,Free Wi-Fi,Free parking,Air conditioning,Restaurant,Room service,Airport shuttle,Full-service laundry,Accessible,1565.0,https://www.agoda.com/search?text=The%20Panash%20%28Hotel%20and%20Banquets%29%20kolkata%20India
HOTEL ORCHID INN,4.2,kolkata,Free Wi-Fi,Paid parking,Pool,Air conditioning,Restaurant,Full-service laundry,Kid-friendly,Airport shuttle,Restaurant,1027.0,https://www.agoda.com/search?text=HOTEL%20ORCHID%20INN%20kolkata%20India
Bubble Beds Kolkata,4.3,kolkata,2-star hotel,Free breakfast,Free Wi-Fi,Free parking,Air conditioning,Restaurant,Kitchen,Full-service laundry,Business center,862.0,https://www.agoda.com/search?text=Bubble%20Beds%20Kolkata%20kolkata%20India
Hotel Platinum,3.9,kolkata,3-star hotel,Free breakfast,Wi-Fi,Pool,Air conditioning,Pet-friendly,Restaurant,Kitchen,Full-service laundry,1464.0,https://www.agoda.com/search?text=Hotel%20Platinum%20kolkata%20India
Aster Guest House Kolkata,4.0,kolkata,Free breakfast,Free Wi-Fi,Air conditioning,Pet-friendly,Paid parking,Restaurant,Full-service laundry,Kid-friendly,Full-service laundry,2885.0,https://www.agoda.com/search?text=Aster%20Guest%20House%20Kolkata%20kolkata%20India
Hotel Radiant (Kolkata),4.0,kolkata,3-star hotel,Free breakfast,Free Wi-Fi,Free parking,Air conditioning,Restaurant,Room service,Full-service laundry,Kid-friendly,2731.0,https://www.agoda.com/search?text=Hotel%20Radiant%20%28Kolkata%29%20kolkata%20India
Hotel Afsha,3.4,kolkata,Breakfast,Free Wi-Fi,Free parking,Air conditioning,Restaurant,Airport shuttle,Full-service laundry,Accessible,Full-service laundry,1285.0,https://www.agoda.com/search?text=Hotel%20Afsha%20kolkata%20India
backpackers park,4.0,kolkata,Free breakfast,Free Wi-Fi,Paid parking,Pool,Air conditioning,Kitchen,Full-service laundry,Kid-friendly,Smoke-free,1103.0,https://www.agoda.com/search?text=backpackers%20park%20kolkata%20India
Hotel Mayfair tower,4.0,kolkata,5-star hotel,Breakfast,Wi-Fi,Free parking,Kitchen,Room service,Smoke-free,Restaurant,Full-service laundry,1680.0,https://www.agoda.com/search?text=Hotel%20Mayfair%20tower%20kolkata%20India
"The Manor House, Kolkata",4.4,kolkata,Free breakfast,Free Wi-Fi,Pool,Air conditioning,Restaurant,Room service,Full-service laundry,Kid-friendly,Accessible,3880.0,https://www.agoda.com/search?text=The%20Manor%20House%2C%20Kolkata%20kolkata%20India
Barsana Boutique Hotel,4.3,kolkata,3-star hotel,Free breakfast,Free Wi-Fi,Free parking,Pool,Air conditioning,Restaurant,Room service,Airport shuttle,3719.0,https://www.agoda.com/search?text=Barsana%20Boutique%20Hotel%20kolkata%20India
Hotel Pan Asia Continental (A Unit Of Sharda Resources Limited),4.1,kolkata,3-star hotel,Free breakfast,Wi-Fi,Free parking,Air conditioning,Restaurant,Room service,Airport shuttle,Full-service laundry,3074.0,https://www.agoda.com/search?text=Hotel%20Pan%20Asia%20Continental%20%28A%20Unit%20Of%20Sharda%20Resources%20Limited%29%20kolkata%20India
Hotel Emirates,4.0,kolkata,2-star hotel,Free breakfast,Free Wi-Fi,Free parking,Air conditioning,Restaurant,Room service,Kitchen,Airport shuttle,3014.0,https://www.agoda.com/search?text=Hotel%20Emirates%20kolkata%20India
The Aster Heritage,4.7,kolkata,Free breakfast,Free Wi-Fi,Free parking,Air conditioning,Pet-friendly,Room service,Full-service laundry,Business center,Kid-friendly,2778.0,https://www.agoda.com/search?text=The%20Aster%20Heritage%20kolkata%20India
Calcutta Bungalow| Heritage Rooms,4.9,kolkata,Free breakfast,Breakfast,Air conditioning,Fireplace,Paid parking,Free Wi-Fi,No crib,No elevator,No fitness center,8604.0,https://www.agoda.com/search?text=Calcutta%20Bungalow%7C%20Heritage%20Rooms%20kolkata%20India
"BhubanBari historic house airy twin room w 2 baths, kitchen, garden terrace",5.0,kolkata,House,Free breakfast,Free Wi-Fi,2 bathrooms,Kid-friendly,Kitchen,Smoke-free,Free parking,No air conditioning,2856.0,https://www.agoda.com/search?text=BhubanBari%20historic%20house%20airy%20twin%20room%20w%202%20baths%2C%20kitchen%2C%20garden%20terrace%20kolkata%20India
Hotel Pawan Putra,4.1,kolkata,3-star hotel,Free breakfast,Free Wi-Fi,Pool,Air conditioning,Paid parking,Restaurant,Full-service laundry,Accessible,2436.0,https://www.agoda.com/search?text=Hotel%20Pawan%20Putra%20kolkata%20India
"FabHotel Orion Crystal - Hotel in Park Circus, Kolkata",4.1,kolkata,Free breakfast,Free Wi-Fi,Paid parking,Pool,Air conditioning,Restaurant,Room service,Kitchen,Full-service laundry,2652.0,https://www.agoda.com/search?text=FabHotel%20Orion%20Crystal%20-%20Hotel%20in%20Park%20Circus%2C%20Kolkata%20kolkata%20India
The Elanza Hotel,4.1,bangalore,4-star hotel,Free breakfast,Free Wi-Fi,Free parking,Air conditioning,Fitness center,Restaurant,Room service,Airport shuttle,3968.0,https://www.agoda.com/search?text=The%20Elanza%20Hotel%20bangalore%20India
"Country Inn & Suites by Radisson, Bengaluru Hebbal Road",4.1,bangalore,4-star hotel,Breakfast,Free Wi-Fi,Free parking,Pool,Air conditioning,Fitness center,Spa,Bar,4480.0,https://www.agoda.com/search?text=Country%20Inn%20%26%20Suites%20by%20Radisson%2C%20Bengaluru%20Hebbal%20Road%20bangalore%20India
Kadackal Farmhouse | Rooms & Pool,4.2,bangalore,Free breakfast,Free Wi-Fi,Air conditioning,Fireplace,Cable TV,Paid parking,No crib,No elevator,No fitness center,4012.0,https://www.agoda.com/search?text=Kadackal%20Farmhouse%20%7C%20Rooms%20%26%20Pool%20bangalore%20India
"Country Inn & Suites by Radisson, Bengaluru Hebbal Road",4.1,bangalore,4-star hotel,Breakfast,Free Wi-Fi,Free parking,Pool,Air conditioning,Fitness center,Spa,Bar,4480.0,https://www.agoda.com/search?text=Country%20Inn%20%26%20Suites%20by%20Radisson%2C%20Bengaluru%20Hebbal%20Road%20bangalore%20India
Kings Palace Manyata,3.2,bangalore,4-star hotel,Free breakfast,Air conditioning,Elevator,Fireplace,Cable TV,Paid parking,Free Wi-Fi,No crib,891.0,https://www.agoda.com/search?text=Kings%20Palace%20Manyata%20bangalore%20India
Prestige Residency,3.1,bangalore,Free Wi-Fi,Breakfast,Room service,Kitchen,Full-service laundry,Restaurant,Air conditioning,Restaurant,Free Wi-Fi,609.0,https://www.agoda.com/search?text=Prestige%20Residency%20bangalore%20India
Hotel TAP Paradise,3.4,bangalore,1-star hotel,Free Wi-Fi,Paid parking,Pool,Air conditioning,Restaurant,Kitchen,Airport shuttle,Full-service laundry,539.0,https://www.agoda.com/search?text=Hotel%20TAP%20Paradise%20bangalore%20India
Regenta Inn Grand Koramangala,4.6,bangalore,Free breakfast,Free Wi-Fi,Free parking,Air conditioning,Fitness center,Restaurant,Room service,Airport shuttle,Full-service laundry,3192.0,https://www.agoda.com/search?text=Regenta%20Inn%20Grand%20Koramangala%20bangalore%20India
Guhantara,3.7,bangalore,3-star hotel,Free breakfast,Wi-Fi,Free parking,Pool,Air conditioning,Spa,Restaurant,Full-service laundry,4803.0,https://www.agoda.com/search?text=Guhantara%20bangalore%20India
Palm Meadows Resort,4.5,bangalore,5-star hotel,Breakfast,Free Wi-Fi,Free parking,Pool,Hot tub,Air conditioning,Fitness center,Spa,6745.0,https://www.agoda.com/search?text=Palm%20Meadows%20Resort%20bangalore%20India
Holiday Inn Express & Suites Bengaluru OMR,4.4,bangalore,4-star hotel,Free breakfast,Free Wi-Fi,Paid parking,Air conditioning,Fitness center,Restaurant,Room service,Airport shuttle,4930.0,https://www.agoda.com/search?text=Holiday%20Inn%20Express%20%26%20Suites%20Bengaluru%20OMR%20bangalore%20India
Howard Johnson by Wyndham Bengaluru Hebbal,4.1,bangalore,4-star hotel,Free breakfast,Free Wi-Fi,Paid parking,Pool,Air conditioning,Pet-friendly,Fitness center,Spa,4636.0,https://www.agoda.com/search?text=Howard%20Johnson%20by%20Wyndham%20Bengaluru%20Hebbal%20bangalore%20India
The Signature Inn,3.8,bangalore,3-star hotel,Free breakfast,Free Wi-Fi,Paid parking,Air conditioning,Restaurant,Room service,Full-service laundry,Kid-friendly,756.0,https://www.agoda.com/search?text=The%20Signature%20Inn%20bangalore%20India
"Radisson Blu Hotel, Atria Bengaluru",4.4,bangalore,5-star hotel,Breakfast,Free Wi-Fi,Free parking,Pool,Air conditioning,Fitness center,Spa,Bar,6300.0,https://www.agoda.com/search?text=Radisson%20Blu%20Hotel%2C%20Atria%20Bengaluru%20bangalore%20India
SAP Golden Grande,4.0,bangalore,3-star hotel,Free breakfast,Wi-Fi,Free parking,Air conditioning,Restaurant,Room service,Airport shuttle,Full-service laundry,792.0,https://www.agoda.com/search?text=SAP%20Golden%20Grande%20bangalore%20India
Royal Regency Lodge,3.8,bangalore,3-star hotel,Free Wi-Fi,Free parking,Air conditioning,Breakfast,Room service,Airport shuttle,Full-service laundry,Accessible,909.0,https://www.agoda.com/search?text=Royal%20Regency%20Lodge%20bangalore%20India
The Chancery Pavilion,4.1,bangalore,5-star hotel,Free breakfast,Free Wi-Fi,Free parking,Pool,Hot tub,Air conditioning,Fitness center,Spa,5376.0,https://www.agoda.com/search?text=The%20Chancery%20Pavilion%20bangalore%20India
Bangalore Gate Hotel & Conferences,4.1,bangalore,3-star hotel,Free breakfast,Free Wi-Fi,Free parking,Air conditioning,Restaurant,Room service,Airport shuttle,Full-service laundry,2804.0,https://www.agoda.com/search?text=Bangalore%20Gate%20Hotel%20%26%20Conferences%20bangalore%20India
"Holiday Inn Bengaluru Racecourse, an IHG Hotel",4.4,bangalore,5-star hotel,Breakfast,Free Wi-Fi,Free parking,Pool,Air conditioning,Fitness center,Restaurant,Room service,6298.0,https://www.agoda.com/search?text=Holiday%20Inn%20Bengaluru%20Racecourse%2C%20an%20IHG%20Hotel%20bangalore%20India
Gokulam Grand Hotel & Spa,4.3,bangalore,5-star hotel,Free breakfast,Free Wi-Fi,Free parking,Pool,Air conditioning,Fitness center,Spa,Bar,6228.0,https://www.agoda.com/search?text=Gokulam%20Grand%20Hotel%20%26%20Spa%20bangalore%20India
"Taj Yeshwantpur, Bengaluru",4.5,bangalore,5-star hotel,Free breakfast,Free Wi-Fi,Free parking,Pool,Air conditioning,Fitness center,Spa,Bar,11800.0,https://www.agoda.com/search?text=Taj%20Yeshwantpur%2C%20Bengaluru%20bangalore%20India
Attide Boutique Hotel,4.2,bangalore,4-star hotel,Free breakfast,Free Wi-Fi,Free parking,Air conditioning,Fitness center,Bar,Restaurant,Room service,3863.0,https://www.agoda.com/search?text=Attide%20Boutique%20Hotel%20bangalore%20India
Hyatt Place Hyderabad Banjara Hills,4.3,hyderabad,4-star hotel,Breakfast,Free Wi-Fi,Free parking,Pool,Air conditioning,Fitness center,Bar,Restaurant,11209.0,https://www.agoda.com/search?text=Hyatt%20Place%20Hyderabad%20Banjara%20Hills%20hyderabad%20India
Trident Hotel Hyderabad,4.5,hyderabad,5-star hotel,Free breakfast,Wi-Fi,Free parking,Pool,Air conditioning,Fitness center,Spa,Restaurant,10974.0,https://www.agoda.com/search?text=Trident%20Hotel%20Hyderabad%20hyderabad%20India
The Wilderness Retreat,4.0,hyderabad,Free breakfast,Free Wi-Fi,Free parking,Pool,Pet-friendly,Restaurant,Room service,Full-service laundry,Kid-friendly,4928.0,https://www.agoda.com/search?text=The%20Wilderness%20Retreat%20hyderabad%20India
Hyderabad Marriott Hotel & Convention Centre,4.4,hyderabad,5-star hotel,Breakfast,Free Wi-Fi,Free parking,Pool,Air conditioning,Fitness center,Spa,Bar,7112.0,https://www.agoda.com/search?text=Hyderabad%20Marriott%20Hotel%20%26%20Convention%20Centre%20hyderabad%20India
Citadel Hotels & Conventions By Vinnca,4.4,hyderabad,Free breakfast,Free Wi-Fi,Free parking,Pool,Air conditioning,Restaurant,Airport shuttle,Full-service laundry,Accessible,3640.0,https://www.agoda.com/search?text=Citadel%20Hotels%20%26%20Conventions%20By%20Vinnca%20hyderabad%20India
Hotel Rainbow Tower,4.5,hyderabad,Breakfast,Free Wi-Fi,Free parking,Pool,Air conditioning,Restaurant,Room service,Airport shuttle,Full-service laundry,1187.0,https://www.agoda.com/search?text=Hotel%20Rainbow%20Tower%20hyderabad%20India
"Deccan Serai Hotel, HITEC CITY, HYDERABAD",4.2,hyderabad,3-star hotel,Breakfast,Free Wi-Fi,Paid parking,Air conditioning,Fitness center,Restaurant,Room service,Airport shuttle,3436.0,https://www.agoda.com/search?text=Deccan%20Serai%20Hotel%2C%20HITEC%20CITY%2C%20HYDERABAD%20hyderabad%20India
Taramati Baradari Resort,4.2,hyderabad,3-star hotel,Free breakfast,Free Wi-Fi,Paid parking,Pool,Air conditioning,Restaurant,Room service,Kitchen,2520.0,https://www.agoda.com/search?text=Taramati%20Baradari%20Resort%20hyderabad%20India
The Grand Plaza Hotel,3.8,hyderabad,3-star hotel,Free breakfast,Free Wi-Fi,Free parking,Air conditioning,Restaurant,Room service,Airport shuttle,Accessible,1240.0,https://www.agoda.com/search?text=The%20Grand%20Plaza%20Hotel%20hyderabad%20India
Taj Falaknuma Palace,4.7,hyderabad,5-star hotel,Free breakfast,Free Wi-Fi,Free parking,Pool,Air conditioning,Fitness center,Spa,Restaurant,46573.0,https://www.agoda.com/search?text=Taj%20Falaknuma%20Palace%20hyderabad%20India
"Lemon Tree Hotel, Gachibowli, Hyderabad",4.2,hyderabad,4-star hotel,Free breakfast,Free Wi-Fi,Free parking,Pool,Hot tub,Air conditioning,Fitness center,Spa,4910.0,https://www.agoda.com/search?text=Lemon%20Tree%20Hotel%2C%20Gachibowli%2C%20Hyderabad%20hyderabad%20India
Hotel Shubham Palace - Karmanghat,4.3,hyderabad,3-star hotel,Free breakfast,Free Wi-Fi,Free parking,Air conditioning,Bar,Restaurant,Room service,Full-service laundry,2371.0,https://www.agoda.com/search?text=Hotel%20Shubham%20Palace%20-%20Karmanghat%20hyderabad%20India
RESTEL STUDIO FLATS,4.2,hyderabad,Breakfast,Free Wi-Fi,Free parking,Air conditioning,Pet-friendly,Restaurant,Room service,Kitchen,Airport shuttle,2576.0,https://www.agoda.com/search?text=RESTEL%20STUDIO%20FLATS%20hyderabad%20India
Ellaa Hotel,4.8,hyderabad,4-star hotel,Free breakfast,Free Wi-Fi,Paid parking,Pool,Hot tub,Air conditioning,Fitness center,Spa,4349.0,https://www.agoda.com/search?text=Ellaa%20Hotel%20hyderabad%20India
Zibe Hyderabad by GRT Hotels,4.5,hyderabad,3-star hotel,Free breakfast,Wi-Fi,Free parking,Air conditioning,Restaurant,Room service,Airport shuttle,Full-service laundry,4520.0,https://www.agoda.com/search?text=Zibe%20Hyderabad%20by%20GRT%20Hotels%20hyderabad%20India
Ananya Eco Resorts,3.9,hyderabad,Free breakfast,Free Wi-Fi,Free parking,Air conditioning,Restaurant,Kid-friendly,Fitness center,Restaurant,No fitness center,3808.0,https://www.agoda.com/search?text=Ananya%20Eco%20Resorts%20hyderabad%20India
Hotel Daspalla Hyderabad,4.2,hyderabad,4-star hotel,Free breakfast,Free Wi-Fi,Free parking,Pool,Air conditioning,Fitness center,Spa,Bar,5446.0,https://www.agoda.com/search?text=Hotel%20Daspalla%20Hyderabad%20hyderabad%20India
Capital O Jubilee Banjara Suites Near City Center Mall,3.2,hyderabad,Apartment,Free breakfast,Free Wi-Fi,Air conditioning,Cable TV,Free Wi-Fi,No airport shuttle,No beach access,No elevator,1044.0,https://www.agoda.com/search?text=Capital%20O%20Jubilee%20Banjara%20Suites%20Near%20City%20Center%20Mall%20hyderabad%20India
Luxury House in Hyderabad With Chef and Driver,5.0,hyderabad,Free breakfast,Free breakfast,4 bathrooms,Kitchen,Free parking,Free Wi-Fi,No air conditioning,No airport shuttle,No beach access,10115.0,https://www.agoda.com/search?text=Luxury%20House%20in%20Hyderabad%20With%20Chef%20and%20Driver%20hyderabad%20India
"Taj Krishna, Hyderabad",4.5,hyderabad,5-star hotel,Free breakfast,Free Wi-Fi,Free parking,Pool,Air conditioning,Fitness center,Spa,Bar,11800.0,https://www.agoda.com/search?text=Taj%20Krishna%2C%20Hyderabad%20hyderabad%20India
The Wilderness Retreat,4.0,hyderabad,Free breakfast,Free Wi-Fi,Free parking,Pool,Pet-friendly,Restaurant,Room service,Full-service laundry,Kid-friendly,5668.0,https://www.agoda.com/search?text=The%20Wilderness%20Retreat%20hyderabad%20India
Treebo Trend South Avenue With Roadside View,3.8,pondicherry,3-star hotel,Free breakfast,Free Wi-Fi,Air conditioning,Bar,Restaurant,Room service,Airport shuttle,Full-service laundry,9558.0,https://www.agoda.com/search?text=Treebo%20Trend%20South%20Avenue%20With%20Roadside%20View%20pondicherry%20India
The Bull Boutique Hotel,4.3,pondicherry,Free breakfast,Free Wi-Fi,Free parking,Air conditioning,Restaurant,Room service,Airport shuttle,Full-service laundry,Kid-friendly,4129.0,https://www.agoda.com/search?text=The%20Bull%20Boutique%20Hotel%20pondicherry%20India
Aashikha Farm House,4.8,pondicherry,Breakfast,Free Wi-Fi,Free parking,Pool,Air conditioning,Pet-friendly,Room service,Kitchen,Airport shuttle,1974.0,https://www.agoda.com/search?text=Aashikha%20Farm%20House%20pondicherry%20India
HOMESTAY HOTEL LA VILLA PONDI CHÉRIE GUESTHOUSE ROOMS,4.3,pondicherry,Breakfast,Free Wi-Fi,Paid parking,Pool,Air conditioning,Pet-friendly,Fitness center,Spa,Restaurant,904.0,https://www.agoda.com/search?text=HOMESTAY%20HOTEL%20LA%20VILLA%20PONDI%20CH%C3%89RIE%20GUESTHOUSE%20ROOMS%20pondicherry%20India
La Grrande Malar - The Boutique Hotel Pondicherry,4.4,pondicherry,Free breakfast,Free Wi-Fi,Paid parking,Pool,Air conditioning,Restaurant,Room service,Full-service laundry,Restaurant,2344.0,https://www.agoda.com/search?text=La%20Grrande%20Malar%20-%20The%20Boutique%20Hotel%20Pondicherry%20pondicherry%20India
Treebo Trend Grace Inn,4.2,pondicherry,3-star hotel,Free breakfast,Free Wi-Fi,Air conditioning,Restaurant,Room service,Kitchen,Full-service laundry,Kid-friendly,9698.0,https://www.agoda.com/search?text=Treebo%20Trend%20Grace%20Inn%20pondicherry%20India
Hotel Bon Sejour,3.8,pondicherry,3-star hotel,Free breakfast,Wi-Fi,Free parking,Air conditioning,Restaurant,Room service,Full-service laundry,Accessible,4415.0,https://www.agoda.com/search?text=Hotel%20Bon%20Sejour%20pondicherry%20India
Esparan Heritage,4.3,pondicherry,3-star hotel,Free breakfast,Free Wi-Fi,Air conditioning,Restaurant,Room service,Airport shuttle,Full-service laundry,Kid-friendly,1990.0,https://www.agoda.com/search?text=Esparan%20Heritage%20pondicherry%20India
La Maison Pondichéry - Heritage Guesthouse,4.4,pondicherry,Free breakfast,Free Wi-Fi,Free parking,Air conditioning,Beach access,Restaurant,Room service,Airport shuttle,Full-service laundry,3846.0,https://www.agoda.com/search?text=La%20Maison%20Pondich%C3%A9ry%20-%20Heritage%20Guesthouse%20pondicherry%20India
Lotus Comfort- A Pondy Hotel,3.6,pondicherry,3-star hotel,Free breakfast,Free Wi-Fi,Free parking,Air conditioning,Restaurant,Airport shuttle,Full-service laundry,Kid-friendly,1734.0,https://www.agoda.com/search?text=Lotus%20Comfort-%20A%20Pondy%20Hotel%20pondicherry%20India
Pleasant Inn,3.9,pondicherry,1-star hotel,Free breakfast,Wi-Fi,Air conditioning,Restaurant,Room service,Full-service laundry,Kid-friendly,Airport shuttle,1016.0,https://www.agoda.com/search?text=Pleasant%20Inn%20pondicherry%20India
A La Villa Creole,4.2,pondicherry,3-star hotel,Free breakfast,Wi-Fi,Air conditioning,Restaurant,Kitchen,Airport shuttle,Full-service laundry,Kid-friendly,1659.0,https://www.agoda.com/search?text=A%20La%20Villa%20Creole%20pondicherry%20India
Hotel Le Royal Park,4.1,pondicherry,3-star hotel,Free breakfast,Free Wi-Fi,Free parking,Pool,Air conditioning,Fitness center,Spa,Bar,3415.0,https://www.agoda.com/search?text=Hotel%20Le%20Royal%20Park%20pondicherry%20India
Raj Residency,4.2,pondicherry,1-star hotel,Free breakfast,Wi-Fi,Paid parking,Air conditioning,Restaurant,Room service,Kitchen,Airport shuttle,1593.0,https://www.agoda.com/search?text=Raj%20Residency%20pondicherry%20India
Hotel Ram International,3.9,pondicherry,3-star hotel,Breakfast,Free Wi-Fi,Free parking,Air conditioning,Restaurant,Room service,Full-service laundry,Accessible,1939.0,https://www.agoda.com/search?text=Hotel%20Ram%20International%20pondicherry%20India
Prince Park Farm House,3.9,pondicherry,3-star hotel,Free breakfast,Free Wi-Fi,Free parking,Pool,Air conditioning,Restaurant,Room service,Full-service laundry,2258.0,https://www.agoda.com/search?text=Prince%20Park%20Farm%20House%20pondicherry%20India
Hotel D'Inn,3.6,pondicherry,3-star hotel,Free breakfast,Wi-Fi,Paid parking,Air conditioning,Restaurant,Room service,Kitchen,Airport shuttle,1190.0,https://www.agoda.com/search?text=Hotel%20D%27Inn%20pondicherry%20India
Hotel Annamalai International,4.0,pondicherry,3-star hotel,Free breakfast,Free Wi-Fi,Free parking,Pool,Air conditioning,Fitness center,Restaurant,Room service,3724.0,https://www.agoda.com/search?text=Hotel%20Annamalai%20International%20pondicherry%20India
Nomad House,4.5,pondicherry,Free Wi-Fi,Air conditioning,Kitchen,Full-service laundry,Air conditioning,Air conditioning,Air conditioning,No beach access,Kitchen,1381.0,https://www.agoda.com/search?text=Nomad%20House%20pondicherry%20India
Villa Sentosa,4.1,pondicherry,Free breakfast,Free Wi-Fi,Air conditioning,Restaurant,Kitchen,Airport shuttle,Full-service laundry,Kid-friendly,Full-service laundry,2168.0,https://www.agoda.com/search?text=Villa%20Sentosa%20pondicherry%20India
Her View I Luxe Room & Kitchen,3.2,pondicherry,3-star hotel,Free breakfast,Air conditioning,Fireplace,Cable TV,Paid parking,Free Wi-Fi,No beach access,No crib,3306.0,https://www.agoda.com/search?text=Her%20View%20I%20Luxe%20Room%20%26%20Kitchen%20pondicherry%20India
Maison Petite Singapore,3.9,pondicherry,House,Paid parking,Free Wi-Fi,5 bathrooms,Air conditioning,Smoke-free,Free parking,Free Wi-Fi,No airport shuttle,2521.0,https://www.agoda.com/search?text=Maison%20Petite%20Singapore%20pondicherry%20India
Hotel Gargee Grand | Best Hotel in Patna,4.1,patna,4-star hotel,Free breakfast,Free Wi-Fi,Free parking,Pool,Air conditioning,Fitness center,Restaurant,Room service,4956.0,https://www.agoda.com/search?text=Hotel%20Gargee%20Grand%20%7C%20Best%20Hotel%20in%20Patna%20patna%20India
HOTEL AMALFI GRAND,4.1,patna,4-star hotel,Breakfast,Free Wi-Fi,Paid parking,Pool,Restaurant,Room service,Kitchen,Airport shuttle,4004.0,https://www.agoda.com/search?text=HOTEL%20AMALFI%20GRAND%20patna%20India
Hotel Fortune..,3.6,patna,3-star hotel,Free Wi-Fi,Paid parking,Pool,Restaurant,Kitchen,Full-service laundry,Kid-friendly,No beach access,1200.0,https://www.agoda.com/search?text=Hotel%20Fortune..%20patna%20India
HOTEL AMALFI GRAND,4.1,patna,4-star hotel,Breakfast,Free Wi-Fi,Paid parking,Pool,Restaurant,Room service,Kitchen,Airport shuttle,2935.0,https://www.agoda.com/search?text=HOTEL%20AMALFI%20GRAND%20patna%20India
Hotel Bodhi Tree - Best Hotel in Patna | Hotels Near Patna junction Railway Station and Patna airport,4.1,patna,Free breakfast,Free Wi-Fi,Paid parking,Pool,Air conditioning,Restaurant,Room service,Full-service laundry,Kid-friendly,2438.0,https://www.agoda.com/search?text=Hotel%20Bodhi%20Tree%20-%20Best%20Hotel%20in%20Patna%20%7C%20Hotels%20Near%20Patna%20junction%20Railway%20Station%20and%20Patna%20airport%20patna%20India
"Lemon Tree Premier, Patna",4.1,patna,4-star hotel,Free breakfast,Free Wi-Fi,Free parking,Pool,Air conditioning,Fitness center,Spa,Restaurant,6472.0,https://www.agoda.com/search?text=Lemon%20Tree%20Premier%2C%20Patna%20patna%20India
The Grand Empire | Best 4 Star Luxury Hotel in Patna,4.0,patna,4-star hotel,Breakfast,Free Wi-Fi,Free parking,Air conditioning,Fitness center,Restaurant,Room service,Kitchen,4662.0,https://www.agoda.com/search?text=The%20Grand%20Empire%20%7C%20Best%204%20Star%20Luxury%20Hotel%20in%20Patna%20patna%20India
Hotel Gargee Grand | Best Hotel in Patna,4.1,patna,4-star hotel,Free breakfast,Free Wi-Fi,Free parking,Pool,Air conditioning,Fitness center,Restaurant,Room service,4956.0,https://www.agoda.com/search?text=Hotel%20Gargee%20Grand%20%7C%20Best%20Hotel%20in%20Patna%20patna%20India
Ghar Aangan Resort,3.9,patna,3-star hotel,Free breakfast,Free Wi-Fi,Free parking,Pool,Air conditioning,Pet-friendly,Restaurant,Room service,2902.0,https://www.agoda.com/search?text=Ghar%20Aangan%20Resort%20patna%20India
The Park Pride,4.2,patna,Free breakfast,Free Wi-Fi,Paid parking,Pool,Restaurant,Room service,Full-service laundry,Pet-friendly,No elevator,2837.0,https://www.agoda.com/search?text=The%20Park%20Pride%20patna%20India
"Hotel Virasat Retreat, Opposit Medanta Hospital,Patna",4.0,patna,Free breakfast,Free Wi-Fi,Free parking,Pool,Air conditioning,Fitness center,Bar,Restaurant,Room service,1712.0,https://www.agoda.com/search?text=Hotel%20Virasat%20Retreat%2C%20Opposit%20Medanta%20Hospital%2CPatna%20patna%20India
Buddha Heritage,4.0,patna,3-star hotel,Breakfast,Free Wi-Fi,Free parking,Air conditioning,Restaurant,Room service,Airport shuttle,Full-service laundry,3015.0,https://www.agoda.com/search?text=Buddha%20Heritage%20patna%20India
Hotel Maurya,4.3,patna,5-star hotel,Free breakfast,Free Wi-Fi,Free parking,Pool,Air conditioning,Fitness center,Spa,Restaurant,10112.0,https://www.agoda.com/search?text=Hotel%20Maurya%20patna%20India
Hotel Mundrika Deluxe,3.2,patna,3-star hotel,Free breakfast,Free Wi-Fi,Free parking,Pool,Air conditioning,Restaurant,Room service,Full-service laundry,1300.0,https://www.agoda.com/search?text=Hotel%20Mundrika%20Deluxe%20patna%20India
Hotel Aurelia Pearl,4.8,patna,Breakfast,Free Wi-Fi,Air conditioning,Restaurant,Room service,Full-service laundry,Smoke-free,Full-service laundry,No fitness center,1846.0,https://www.agoda.com/search?text=Hotel%20Aurelia%20Pearl%20patna%20India
The Hotel Bliss | Best Hotels in Patna,4.1,patna,Breakfast,Free Wi-Fi,Free parking,Air conditioning,Restaurant,Room service,Airport shuttle,Full-service laundry,Accessible,1450.0,https://www.agoda.com/search?text=The%20Hotel%20Bliss%20%7C%20Best%20Hotels%20in%20Patna%20patna%20India
The AVR Hotel,4.1,patna,3-star hotel,Free breakfast,Free Wi-Fi,Free parking,Air conditioning,Fitness center,Restaurant,Room service,Airport shuttle,2438.0,https://www.agoda.com/search?text=The%20AVR%20Hotel%20patna%20India
Super OYO Townhouse OAK Holiday Grand,3.3,patna,Apartment,Free breakfast,Air conditioning,Kitchen,Cable TV,Free Wi-Fi,No airport shuttle,No beach access,No elevator,1553.0,https://www.agoda.com/search?text=Super%20OYO%20Townhouse%20OAK%20Holiday%20Grand%20patna%20India
Hotel Windsor,3.9,patna,3-star hotel,Free breakfast,Free Wi-Fi,Free parking,Air conditioning,Restaurant,Room service,Airport shuttle,Full-service laundry,4536.0,https://www.agoda.com/search?text=Hotel%20Windsor%20patna%20India
"Lemon Tree Premier, Patna",4.1,patna,4-star hotel,Free breakfast,Free Wi-Fi,Free parking,Pool,Air conditioning,Fitness center,Spa,Restaurant,6882.0,https://www.agoda.com/search?text=Lemon%20Tree%20Premier%2C%20Patna%20patna%20India
Treebo Trend Seven Suites,3.5,nagpur,3-star hotel,Free breakfast,Free Wi-Fi,Air conditioning,Paid parking,Room service,Kitchen,Full-service laundry,Kid-friendly,2488.0,https://www.agoda.com/search?text=Treebo%20Trend%20Seven%20Suites%20nagpur%20India
Treebo Trend Chalets,4.2,nagpur,3-star hotel,Free breakfast,Free Wi-Fi,Paid parking,Pool,Air conditioning,Restaurant,Room service,Full-service laundry,3008.0,https://www.agoda.com/search?text=Treebo%20Trend%20Chalets%20nagpur%20India
Radisson Blu Hotel Nagpur,4.5,nagpur,5-star hotel,Breakfast,Free Wi-Fi,Paid parking,Pool,Hot tub,Air conditioning,Fitness center,Spa,9361.0,https://www.agoda.com/search?text=Radisson%20Blu%20Hotel%20Nagpur%20nagpur%20India
Regenta Central Hotel & Convention Centre,4.0,nagpur,4-star hotel,Free breakfast,Wi-Fi,Free parking,Air conditioning,Fitness center,Bar,Restaurant,Room service,3830.0,https://www.agoda.com/search?text=Regenta%20Central%20Hotel%20%26%20Convention%20Centre%20nagpur%20India
Hotel The Embassy,4.1,nagpur,3-star hotel,Free breakfast,Free Wi-Fi,Free parking,Pool,Air conditioning,Bar,Restaurant,Room service,3395.0,https://www.agoda.com/search?text=Hotel%20The%20Embassy%20nagpur%20India
Hotel Centre Point,4.3,nagpur,5-star hotel,Free breakfast,Free Wi-Fi,Free parking,Pool,Air conditioning,Fitness center,Spa,Bar,4681.0,https://www.agoda.com/search?text=Hotel%20Centre%20Point%20nagpur%20India
"The Legend Inn, Nagpur",4.0,nagpur,3-star hotel,Free breakfast,Free Wi-Fi,Free parking,Air conditioning,Bar,Restaurant,Room service,Airport shuttle,3276.0,https://www.agoda.com/search?text=The%20Legend%20Inn%2C%20Nagpur%20nagpur%20India
Orange Tree Hotels,4.4,nagpur,Free breakfast,Free Wi-Fi,Pool,Air conditioning,Restaurant,Room service,Full-service laundry,Bar,Full-service laundry,3042.0,https://www.agoda.com/search?text=Orange%20Tree%20Hotels%20nagpur%20India
Octave Parkland Suites,4.3,nagpur,Breakfast,Free Wi-Fi,Free parking,Pool,Air conditioning,Room service,Kitchen,Full-service laundry,Spa,2099.0,https://www.agoda.com/search?text=Octave%20Parkland%20Suites%20nagpur%20India
"RSVP NAGPUR(Restro-bar,Rooftop & Rooms)",4.0,nagpur,Free breakfast,Free Wi-Fi,Paid parking,Pool,Restaurant,Room service,Full-service laundry,Fitness center,No elevator,2300.0,https://www.agoda.com/search?text=RSVP%20NAGPUR%28Restro-bar%2CRooftop%20%26%20Rooms%29%20nagpur%20India
Treebo Trend Chalets,4.2,nagpur,3-star hotel,Free breakfast,Free Wi-Fi,Paid parking,Pool,Air conditioning,Restaurant,Room service,Full-service laundry,2989.0,https://www.agoda.com/search?text=Treebo%20Trend%20Chalets%20nagpur%20India
Hotel Orient Crown,3.9,nagpur,Free breakfast,Free Wi-Fi,Free parking,Pool,Air conditioning,Restaurant,Kitchen,Smoke-free,No elevator,1677.0,https://www.agoda.com/search?text=Hotel%20Orient%20Crown%20nagpur%20India
Hotel Maitrayee,4.6,nagpur,Free breakfast,Free Wi-Fi,Free parking,Pool,Air conditioning,Restaurant,Room service,Kitchen,Full-service laundry,2384.0,https://www.agoda.com/search?text=Hotel%20Maitrayee%20nagpur%20India
Hotel Nagpur Ashok,4.0,nagpur,3-star hotel,Breakfast,Free Wi-Fi,Free parking,Pool,Air conditioning,Spa,Bar,Restaurant,5235.0,https://www.agoda.com/search?text=Hotel%20Nagpur%20Ashok%20nagpur%20India
Nirvana Residency,4.7,nagpur,4-star hotel,Free breakfast,Free Wi-Fi,Free parking,Air conditioning,Kitchen,Kitchen,Spa,Restaurant,2600.0,https://www.agoda.com/search?text=Nirvana%20Residency%20nagpur%20India
The Paramount Hotel,4.4,nagpur,Free Wi-Fi,Paid parking,Pool,Air conditioning,Room service,Kitchen,Full-service laundry,Smoke-free,Accessible,1071.0,https://www.agoda.com/search?text=The%20Paramount%20Hotel%20nagpur%20India
Hotel President Nagpur,4.1,nagpur,3-star hotel,Free breakfast,Wi-Fi,Free parking,Pool,Air conditioning,Restaurant,Room service,Airport shuttle,2813.0,https://www.agoda.com/search?text=Hotel%20President%20Nagpur%20nagpur%20India
Treebo Trend The Pavilion,4.0,nagpur,Free breakfast,Free Wi-Fi,Paid parking,Pool,Air conditioning,Restaurant,Room service,Full-service laundry,Spa,2966.0,https://www.agoda.com/search?text=Treebo%20Trend%20The%20Pavilion%20nagpur%20India
Treebo Trend Hotel A1,3.9,nagpur,3-star hotel,Free breakfast,Free Wi-Fi,Paid parking,Pool,Air conditioning,Restaurant,Airport shuttle,Full-service laundry,2689.0,https://www.agoda.com/search?text=Treebo%20Trend%20Hotel%20A1%20nagpur%20India
The Park Indore,4.7,indore,5-star hotel,Breakfast,Free Wi-Fi,Free parking,Pool,Air conditioning,Fitness center,Spa,Bar,6272.0,https://www.agoda.com/search?text=The%20Park%20Indore%20indore%20India
Pride Hotel & Convention Centre Indore,4.1,indore,4-star hotel,Free breakfast,Wi-Fi,Free parking,Pool,Air conditioning,Fitness center,Bar,Restaurant,3807.0,https://www.agoda.com/search?text=Pride%20Hotel%20%26%20Convention%20Centre%20Indore%20indore%20India
Pride Hotel & Convention Centre Indore,4.1,indore,4-star hotel,Free breakfast,Wi-Fi,Free parking,Pool,Air conditioning,Fitness center,Bar,Restaurant,3273.0,https://www.agoda.com/search?text=Pride%20Hotel%20%26%20Convention%20Centre%20Indore%20indore%20India
Hotel Solaris,4.0,indore,3-star hotel,Free breakfast,Wi-Fi,Free parking,Pool,Air conditioning,Fitness center,Restaurant,Room service,2259.0,https://www.agoda.com/search?text=Hotel%20Solaris%20indore%20India
Sayaji Hotel Indore,4.4,indore,5-star hotel,Free breakfast,Free Wi-Fi,Free parking,Pool,Hot tub,Air conditioning,Fitness center,Spa,5111.0,https://www.agoda.com/search?text=Sayaji%20Hotel%20Indore%20indore%20India
Best Western Plus Indore,4.2,indore,4-star hotel,Free breakfast,Free Wi-Fi,Free parking,Air conditioning,Fitness center,Bar,Restaurant,Room service,3424.0,https://www.agoda.com/search?text=Best%20Western%20Plus%20Indore%20indore%20India
Fairfield by Marriott Indore,4.2,indore,4-star hotel,Free breakfast,Free Wi-Fi,Free parking,Air conditioning,Fitness center,Bar,Restaurant,Room service,4770.0,https://www.agoda.com/search?text=Fairfield%20by%20Marriott%20Indore%20indore%20India
Jalsa Resort & Banquets,4.3,indore,Free Wi-Fi,Free parking,Pool,Spa,Restaurant,Kitchen,Full-service laundry,Accessible,Kid-friendly,2921.0,https://www.agoda.com/search?text=Jalsa%20Resort%20%26%20Banquets%20indore%20India
Radisson Blu Hotel Indore,4.5,indore,5-star hotel,Breakfast,Free Wi-Fi,Free parking,Pool,Hot tub,Air conditioning,Fitness center,Spa,6266.0,https://www.agoda.com/search?text=Radisson%20Blu%20Hotel%20Indore%20indore%20India
Indore Marriott Hotel,4.4,indore,5-star hotel,Breakfast,Free Wi-Fi,Free parking,Pool,Air conditioning,Fitness center,Spa,Bar,6721.0,https://www.agoda.com/search?text=Indore%20Marriott%20Hotel%20indore%20India
Sheraton Grand Palace Indore,4.3,indore,5-star hotel,Breakfast,Free Wi-Fi,Free parking,Pool,Air conditioning,Fitness center,Spa,Bar,7280.0,https://www.agoda.com/search?text=Sheraton%20Grand%20Palace%20Indore%20indore%20India
Jardin Hotels,4.2,indore,Free breakfast,Free Wi-Fi,Free parking,Pool,Restaurant,Room service,Kitchen,Full-service laundry,Accessible,2508.0,https://www.agoda.com/search?text=Jardin%20Hotels%20indore%20India
"WOW Crest, Indore - IHCL SeleQtions",4.3,indore,Free breakfast,Free Wi-Fi,Paid parking,Pool,Air conditioning,Fitness center,Spa,Bar,Restaurant,5878.0,https://www.agoda.com/search?text=WOW%20Crest%2C%20Indore%20-%20IHCL%20SeleQtions%20indore%20India
Effotel by Sayaji,4.3,indore,4-star hotel,Free breakfast,Free Wi-Fi,Paid parking,Pool,Air conditioning,Restaurant,Room service,Airport shuttle,4090.0,https://www.agoda.com/search?text=Effotel%20by%20Sayaji%20indore%20India
"Hotel Meritel Grande, Indore",4.9,indore,Free breakfast,Free Wi-Fi,Free parking,Air conditioning,Spa,Bar,Restaurant,Room service,Kitchen,1384.0,https://www.agoda.com/search?text=Hotel%20Meritel%20Grande%2C%20Indore%20indore%20India
Hotel Vrindavan Palace,4.4,indore,Free Wi-Fi,Free parking,Pool,Air conditioning,Pet-friendly,Room service,Kitchen,Full-service laundry,Restaurant,1871.0,https://www.agoda.com/search?text=Hotel%20Vrindavan%20Palace%20indore%20India
Hotel Shri Niwas,3.7,indore,2-star hotel,Free Wi-Fi,Paid parking,Pool,Kitchen,Full-service laundry,Kid-friendly,Spa,Full-service laundry,1289.0,https://www.agoda.com/search?text=Hotel%20Shri%20Niwas%20indore%20India
JMC HOTEL S GRANDE INDORE,4.6,indore,3-star hotel,Free breakfast,Free Wi-Fi,Free parking,Air conditioning,Fitness center,Restaurant,Room service,Kitchen,2239.0,https://www.agoda.com/search?text=JMC%20HOTEL%20S%20GRANDE%20INDORE%20indore%20India
The Park Indore,4.7,indore,5-star hotel,Breakfast,Free Wi-Fi,Free parking,Pool,Air conditioning,Fitness center,Spa,Bar,5018.0,https://www.agoda.com/search?text=The%20Park%20Indore%20indore%20India
My Special House,2.9,indore,4-star hotel,Free breakfast,Air conditioning,Fireplace,Paid parking,Free Wi-Fi,No crib,No elevator,No fitness center,1020.0,https://www.agoda.com/search?text=My%20Special%20House%20indore%20India
Astha Lakshmi Tourist Homestay,4.5,indore,4-star hotel,Free breakfast,Air conditioning,Fireplace,Cable TV,Paid parking,Free Wi-Fi,No crib,No elevator,1428.0,https://www.agoda.com/search?text=Astha%20Lakshmi%20Tourist%20Homestay%20indore%20India
Treebo Trend Grand Euro,4.7,indore,Free breakfast,Free Wi-Fi,Free parking,Air conditioning,Restaurant,Room service,Full-service laundry,Business center,Kid-friendly,2570.0,https://www.agoda.com/search?text=Treebo%20Trend%20Grand%20Euro%20indore%20India
Sayaji Hotel Indore,4.4,indore,5-star hotel,Free breakfast,Free Wi-Fi,Free parking,Pool,Hot tub,Air conditioning,Fitness center,Spa,5874.0,https://www.agoda.com/search?text=Sayaji%20Hotel%20Indore%20indore%20India
Trident Hotel Jaipur,4.4,jaipur,5-star hotel,Breakfast,Free Wi-Fi,Free parking,Pool,Air conditioning,Fitness center,Spa,Bar,14160.0,https://www.agoda.com/search?text=Trident%20Hotel%20Jaipur%20jaipur%20India
The Lalit Jaipur,4.4,jaipur,5-star hotel,Free breakfast,Wi-Fi,Free parking,Pool,Air conditioning,Fitness center,Spa,Bar,12389.0,https://www.agoda.com/search?text=The%20Lalit%20Jaipur%20jaipur%20India
Hotel Sarang Palace - Boutique Stays & Candlelight Dining,4.4,jaipur,3-star hotel,Breakfast,Free Wi-Fi,Free parking,Air conditioning,Spa,Bar,Restaurant,Room service,2724.0,https://www.agoda.com/search?text=Hotel%20Sarang%20Palace%20-%20Boutique%20Stays%20%26%20Candlelight%20Dining%20jaipur%20India
Moustache Jaipur,4.4,jaipur,2-star hotel,Free Wi-Fi,Pool,Air conditioning,Restaurant,Kitchen,Full-service laundry,Full-service laundry,Full-service laundry,1039.0,https://www.agoda.com/search?text=Moustache%20Jaipur%20jaipur%20India
Chokhi Dhani Resort,4.3,jaipur,5-star hotel,Free breakfast,Free Wi-Fi,Free parking,Pool,Air conditioning,Fitness center,Spa,Restaurant,10029.0,https://www.agoda.com/search?text=Chokhi%20Dhani%20Resort%20jaipur%20India
"Holiday Inn Jaipur City Centre, an IHG Hotel",4.5,jaipur,5-star hotel,Breakfast,Free Wi-Fi,Free parking,Pool,Air conditioning,Fitness center,Spa,Bar,14190.0,https://www.agoda.com/search?text=Holiday%20Inn%20Jaipur%20City%20Centre%2C%20an%20IHG%20Hotel%20jaipur%20India
Umaid Bhawan-A Royal Heritage Style Boutique Hotel,4.3,jaipur,4-star hotel,Free breakfast,Free Wi-Fi,Free parking,Pool,Air conditioning,Bar,Restaurant,Room service,5585.0,https://www.agoda.com/search?text=Umaid%20Bhawan-A%20Royal%20Heritage%20Style%20Boutique%20Hotel%20jaipur%20India
Jaipur Marriott Hotel,4.5,jaipur,5-star hotel,Breakfast,Free Wi-Fi,Free parking,Pool,Hot tub,Air conditioning,Fitness center,Spa,7840.0,https://www.agoda.com/search?text=Jaipur%20Marriott%20Hotel%20jaipur%20India
"Devi Ratn, Jaipur – IHCL SeleQtions",4.5,jaipur,5-star hotel,Free breakfast,Free Wi-Fi,Free parking,Pool,Hot tub,Air conditioning,Pet-friendly,Fitness center,16992.0,https://www.agoda.com/search?text=Devi%20Ratn%2C%20Jaipur%20%E2%80%93%20IHCL%20SeleQtions%20jaipur%20India
The Lalit Jaipur,4.4,jaipur,5-star hotel,Free breakfast,Wi-Fi,Free parking,Pool,Air conditioning,Fitness center,Spa,Bar,7381.0,https://www.agoda.com/search?text=The%20Lalit%20Jaipur%20jaipur%20India
Hotel Rajasthan Palace,4.7,jaipur,3-star hotel,Breakfast,Free Wi-Fi,Free parking,Pool,Air conditioning,Restaurant,Room service,Airport shuttle,5479.0,https://www.agoda.com/search?text=Hotel%20Rajasthan%20Palace%20jaipur%20India
WelcomHeritage Traditional Haveli,4.5,jaipur,5-star hotel,Free breakfast,Free Wi-Fi,Free parking,Pool,Air conditioning,Spa,Bar,Restaurant,4704.0,https://www.agoda.com/search?text=WelcomHeritage%20Traditional%20Haveli%20jaipur%20India
Hilton Jaipur,4.4,jaipur,5-star hotel,Breakfast,Free Wi-Fi,Free parking,Pool,Air conditioning,Fitness center,Spa,Bar,6885.0,https://www.agoda.com/search?text=Hilton%20Jaipur%20jaipur%20India
"Lemon Tree Premier, Jaipur",4.3,jaipur,4-star hotel,Breakfast,Wi-Fi,Free parking,Pool,Air conditioning,Fitness center,Spa,Bar,3920.0,https://www.agoda.com/search?text=Lemon%20Tree%20Premier%2C%20Jaipur%20jaipur%20India
Hotel Grand Lotus Inn,4.7,jaipur,3-star hotel,Breakfast,Free Wi-Fi,Free parking,Air conditioning,Restaurant,Room service,Airport shuttle,Full-service laundry,1489.0,https://www.agoda.com/search?text=Hotel%20Grand%20Lotus%20Inn%20jaipur%20India
"Jai Mahal Palace, Jaipur",4.7,jaipur,5-star hotel,Free breakfast,Free Wi-Fi,Free parking,Pool,Air conditioning,Fitness center,Spa,Bar,34173.0,https://www.agoda.com/search?text=Jai%20Mahal%20Palace%2C%20Jaipur%20jaipur%20India
Chokhi Dhani Resort,4.3,jaipur,5-star hotel,Free breakfast,Free Wi-Fi,Free parking,Pool,Air conditioning,Fitness center,Spa,Restaurant,8388.0,https://www.agoda.com/search?text=Chokhi%20Dhani%20Resort%20jaipur%20India
Dera Jaipur,4.5,jaipur,4-star hotel,Breakfast,Air conditioning,Fireplace,Cable TV,Paid parking,Free Wi-Fi,No crib,No elevator,8400.0,https://www.agoda.com/search?text=Dera%20Jaipur%20jaipur%20India
Blue Beds Jaipur,4.4,jaipur,3-star hotel,Breakfast,Free Wi-Fi,Paid parking,Air conditioning,Restaurant,Kitchen,Airport shuttle,Full-service laundry,1858.0,https://www.agoda.com/search?text=Blue%20Beds%20Jaipur%20jaipur%20India
Hotel Royal Orchid Jaipur,4.3,jaipur,5-star hotel,Free breakfast,Free Wi-Fi,Paid parking,Pool,Hot tub,Air conditioning,Fitness center,Restaurant,6011.0,https://www.agoda.com/search?text=Hotel%20Royal%20Orchid%20Jaipur%20jaipur%20India
Ginger Jaipur,4.1,jaipur,3-star hotel,Free Wi-Fi,Paid parking,Air conditioning,Fitness center,Breakfast,Full-service laundry,Kid-friendly,Full-service laundry,3135.0,https://www.agoda.com/search?text=Ginger%20Jaipur%20jaipur%20India
Pride Amber Vilas Resort & Convention Centre,4.2,jaipur,4-star hotel,Free breakfast,Free Wi-Fi,Free parking,Pool,Air conditioning,Fitness center,Spa,Restaurant,7951.0,https://www.agoda.com/search?text=Pride%20Amber%20Vilas%20Resort%20%26%20Convention%20Centre%20jaipur%20India
Sureli Haveli Jaipur,3.8,jaipur,Free breakfast,Free Wi-Fi,Paid parking,No outdoor grill,Not pet-friendly,Not smoke-free,Not wheelchair accessible,Full-service laundry,Restaurant,1415.0,https://www.agoda.com/search?text=Sureli%20Haveli%20Jaipur%20jaipur%20India
ibis Nashik,4.4,nashik,2-star hotel,Free breakfast,Free Wi-Fi,Free parking,Air conditioning,Pet-friendly,Fitness center,Restaurant,Full-service laundry,2911.0,https://www.agoda.com/search?text=ibis%20Nashik%20nashik%20India
Treebo Trend Abode,4.0,nashik,3-star hotel,Free breakfast,Free Wi-Fi,Paid parking,Air conditioning,Kitchen,Full-service laundry,Kid-friendly,Accessible,3271.0,https://www.agoda.com/search?text=Treebo%20Trend%20Abode%20nashik%20India
Birla Ayurveda Stay Centre,4.1,nashik,Free breakfast,Free breakfast,Air conditioning,Paid parking,Free Wi-Fi,No crib,No elevator,No fireplace,No fitness center,1482.0,https://www.agoda.com/search?text=Birla%20Ayurveda%20Stay%20Centre%20nashik%20India
ibis Nashik,4.4,nashik,2-star hotel,Free breakfast,Free Wi-Fi,Free parking,Air conditioning,Pet-friendly,Fitness center,Restaurant,Full-service laundry,2872.0,https://www.agoda.com/search?text=ibis%20Nashik%20nashik%20India
Raghunandan Resort,4.2,nashik,Breakfast,Free Wi-Fi,Paid parking,Free parking,Full-service laundry,Paid parking,No crib,Restaurant,Airport shuttle,2195.0,https://www.agoda.com/search?text=Raghunandan%20Resort%20nashik%20India
The Emerald Park,4.0,nashik,3-star hotel,Breakfast,Free Wi-Fi,Free parking,Air conditioning,Bar,Restaurant,Room service,Full-service laundry,3190.0,https://www.agoda.com/search?text=The%20Emerald%20Park%20nashik%20India
The Gateway Hotel Ambad Nashik,4.6,nashik,5-star hotel,Free breakfast,Free Wi-Fi,Free parking,Pool,Air conditioning,Pet-friendly,Fitness center,Spa,12980.0,https://www.agoda.com/search?text=The%20Gateway%20Hotel%20Ambad%20Nashik%20nashik%20India
"Enrise by Sayaji - Nashik, Best Banquet Hotel",4.2,nashik,Breakfast,Free Wi-Fi,Free parking,Air conditioning,Bar,Restaurant,Room service,Airport shuttle,Full-service laundry,3489.0,https://www.agoda.com/search?text=Enrise%20by%20Sayaji%20-%20Nashik%2C%20Best%20Banquet%20Hotel%20nashik%20India
"Hotel Royale Heritage, Nashik",3.8,nashik,3-star hotel,Free breakfast,Free Wi-Fi,Free parking,Air conditioning,Pet-friendly,Restaurant,Room service,Airport shuttle,1242.0,https://www.agoda.com/search?text=Hotel%20Royale%20Heritage%2C%20Nashik%20nashik%20India
Courtyard by Marriott Nashik,4.4,nashik,5-star hotel,Free breakfast,Free Wi-Fi,Free parking,Pool,Air conditioning,Fitness center,Spa,Restaurant,9735.0,https://www.agoda.com/search?text=Courtyard%20by%20Marriott%20Nashik%20nashik%20India
Ginger Nashik,3.8,nashik,3-star hotel,Free Wi-Fi,Paid parking,Air conditioning,Fitness center,Breakfast,Kitchen,Full-service laundry,Kid-friendly,3518.0,https://www.agoda.com/search?text=Ginger%20Nashik%20nashik%20India
Hotel Panchavati Yatri,4.0,nashik,2-star hotel,Free breakfast,Free Wi-Fi,Free parking,Air conditioning,Restaurant,Room service,Kitchen,Full-service laundry,1934.0,https://www.agoda.com/search?text=Hotel%20Panchavati%20Yatri%20nashik%20India
Caves County,4.1,nashik,Free breakfast,Free Wi-Fi,Free parking,Restaurant,Room service,Full-service laundry,Fitness center,Full-service laundry,Full-service laundry,4021.0,https://www.agoda.com/search?text=Caves%20County%20nashik%20India
Hotel Rama Heritage,4.1,nashik,3-star hotel,Free breakfast,Free Wi-Fi,Free parking,Air conditioning,Restaurant,Room service,Full-service laundry,Accessible,2746.0,https://www.agoda.com/search?text=Hotel%20Rama%20Heritage%20nashik%20India
PANCHAVATI ELITE INN,3.6,nashik,3-star hotel,Free breakfast,Free Wi-Fi,Free parking,Pool,Air conditioning,Restaurant,Room service,Full-service laundry,2071.0,https://www.agoda.com/search?text=PANCHAVATI%20ELITE%20INN%20nashik%20India
"Holiday Inn Express Nashik Indira Nagar, an IHG Hotel",3.8,nashik,2-star hotel,Free breakfast,Free Wi-Fi,Free parking,Air conditioning,Fitness center,Restaurant,Room service,Accessible,4434.0,https://www.agoda.com/search?text=Holiday%20Inn%20Express%20Nashik%20Indira%20Nagar%2C%20an%20IHG%20Hotel%20nashik%20India
Shakuntala Farms - Rustic Farmstay with Modern Comforts,4.9,nashik,Free breakfast,Free Wi-Fi,Free parking,Air conditioning,Kitchen,Full-service laundry,Room service,Restaurant,Kid-friendly,4745.0,https://www.agoda.com/search?text=Shakuntala%20Farms%20-%20Rustic%20Farmstay%20with%20Modern%20Comforts%20nashik%20India
Hotel Grand Rio,4.5,nashik,4-star hotel,Free breakfast,Free Wi-Fi,Paid parking,Pool,Restaurant,Room service,Kitchen,Airport shuttle,4016.0,https://www.agoda.com/search?text=Hotel%20Grand%20Rio%20nashik%20India
"Hotel MBC Citadel Nashik ( Near Sula, Trimbakeshwar and MIDC Area )",4.2,nashik,Breakfast,Free Wi-Fi,Free parking,Air conditioning,Restaurant,Room service,Airport shuttle,Full-service laundry,Accessible,3870.0,https://www.agoda.com/search?text=Hotel%20MBC%20Citadel%20Nashik%20%28%20Near%20Sula%2C%20Trimbakeshwar%20and%20MIDC%20Area%20%29%20nashik%20India
Shriram Guest House,3.0,nashik,Free Wi-Fi,Pool,Kitchen,Full-service laundry,Kid-friendly,Restaurant,Room service,Room service,Spa,618.0,https://www.agoda.com/search?text=Shriram%20Guest%20House%20nashik%20India
Quality Inn Regency,3.8,nashik,3-star hotel,Free breakfast,Free Wi-Fi,Free parking,Pool,Air conditioning,Fitness center,Bar,Restaurant,3210.0,https://www.agoda.com/search?text=Quality%20Inn%20Regency%20nashik%20India
"Treebo Trend The Utsav, Nashik",4.6,nashik,Free breakfast,Free Wi-Fi,Paid parking,Pool,Air conditioning,Restaurant,Room service,Kitchen,Full-service laundry,2968.0,https://www.agoda.com/search?text=Treebo%20Trend%20The%20Utsav%2C%20Nashik%20nashik%20India
Itsy by Treebo - Oasis Pride,4.0,nashik,Free breakfast,Free Wi-Fi,Free parking,Air conditioning,Room service,Kitchen,Full-service laundry,Accessible,Kid-friendly,2217.0,https://www.agoda.com/search?text=Itsy%20by%20Treebo%20-%20Oasis%20Pride%20nashik%20India
Best Western Bliss,4.1,kanpur,3-star hotel,Free breakfast,Free Wi-Fi,Free parking,Air conditioning,Pet-friendly,Restaurant,Room service,Kitchen,3300.0,https://www.bestwestern.com/en_US/book/hotels-in-kanpur/best-western-hotel-bliss/propertyCode.76968.html
MVR Grand Hotel,4.4,kanpur,Free breakfast,Free Wi-Fi,Paid parking,Pool,Restaurant,Room service,Kitchen,Full-service laundry,Business center,3744.0,https://www.agoda.com/search?text=MVR%20Grand%20Hotel%20kanpur%20India
The Landmark Towers,4.4,kanpur,5-star hotel,Free breakfast,Free Wi-Fi,Free parking,Pool,Hot tub,Air conditioning,Fitness center,Spa,6719.0,https://www.agoda.com/search?text=The%20Landmark%20Towers%20kanpur%20India
Red Orchid Hotel Kanpur,4.3,kanpur,Free breakfast,Free Wi-Fi,Paid parking,Bar,Restaurant,Room service,Kitchen,Full-service laundry,Full-service laundry,2335.0,https://www.agoda.com/search?text=Red%20Orchid%20Hotel%20Kanpur%20kanpur%20India
Best Western Bliss,4.1,kanpur,3-star hotel,Free breakfast,Free Wi-Fi,Free parking,Air conditioning,Pet-friendly,Restaurant,Room service,Kitchen,3300.0,https://www.bestwestern.com/en_US/book/hotels-in-kanpur/best-western-hotel-bliss/propertyCode.76968.html
Hotel Kartar Yatri Niwas,4.1,kanpur,Free Wi-Fi,Air conditioning,Room service,Kitchen,Full-service laundry,Room service,Airport shuttle,Spa,Restaurant,627.0,https://www.agoda.com/search?text=Hotel%20Kartar%20Yatri%20Niwas%20kanpur%20India
Vijay Intercontinental,4.1,kanpur,5-star hotel,Free breakfast,Free Wi-Fi,Free parking,Pool,Air conditioning,Fitness center,Spa,Bar,4452.0,https://www.agoda.com/search?text=Vijay%20Intercontinental%20kanpur%20India
Moon And Mars Resort,4.3,kanpur,Free breakfast,Free Wi-Fi,Free parking,Pool,Air conditioning,Restaurant,Room service,Airport shuttle,Full-service laundry,4242.0,https://www.agoda.com/search?text=Moon%20And%20Mars%20Resort%20kanpur%20India
Status club business Hotel,3.9,kanpur,3-star hotel,Free breakfast,Free Wi-Fi,Free parking,Pool,Air conditioning,Restaurant,Airport shuttle,Full-service laundry,2395.0,https://www.agoda.com/search?text=Status%20club%20business%20Hotel%20kanpur%20India
Hotel Bhagyaraj Palace -Best Hotel In Kanpur,4.2,kanpur,Free Wi-Fi,Paid parking,Restaurant,Room service,Kitchen,Full-service laundry,Restaurant,Fitness center,Full-service laundry,1826.0,https://www.agoda.com/search?text=Hotel%20Bhagyaraj%20Palace%20-Best%20Hotel%20In%20Kanpur%20kanpur%20India
Hotel The Novelty,4.8,kanpur,Free Wi-Fi,Air conditioning,Breakfast,Paid parking,Room service,Kitchen,Kid-friendly,Smoke-free,Beach access,1800.0,https://www.agoda.com/search?text=Hotel%20The%20Novelty%20kanpur%20India
Little Chef Hotel,4.3,kanpur,3-star hotel,Free breakfast,Wi-Fi,Paid parking,Air conditioning,Fitness center,Bar,Restaurant,Room service,3679.0,https://www.agoda.com/search?text=Little%20Chef%20Hotel%20kanpur%20India
"Krishna vatika, Krishna nagar Kanpur nagar uttar pradesh",4.2,kanpur,3-star hotel,Free breakfast,Wi-Fi,Free parking,Air conditioning,Air conditioning,Spa,Room service,Room service,2600.0,https://www.agoda.com/search?text=Krishna%20vatika%2C%20Krishna%20nagar%20Kanpur%20nagar%20uttar%20pradesh%20kanpur%20India
THE VILLA,3.9,kanpur,3-star hotel,Free Wi-Fi,Pool,Kitchen,Full-service laundry,Kid-friendly,Airport shuttle,Spa,Restaurant,3133.0,https://www.agoda.com/search?text=THE%20VILLA%20kanpur%20India
Hotel Sant Villa,3.2,kanpur,1-star hotel,Free Wi-Fi,Air conditioning,Kitchen,Full-service laundry,Air conditioning,Air conditioning,Airport shuttle,Restaurant,533.0,https://www.agoda.com/search?text=Hotel%20Sant%20Villa%20kanpur%20India
Status Club & Resort,4.3,kanpur,3-star hotel,Air conditioning,Kid-friendly,Air conditioning,Beach access,Free Wi-Fi,Kid-friendly,Fitness center,Restaurant,4040.0,https://www.agoda.com/search?text=Status%20Club%20%26%20Resort%20kanpur%20India
The Deep Hotel,4.0,kanpur,3-star hotel,Free breakfast,Free Wi-Fi,Free parking,Air conditioning,Restaurant,Room service,Full-service laundry,Restaurant,2072.0,https://www.agoda.com/search?text=The%20Deep%20Hotel%20kanpur%20India
THE ROYAL ORCHID HOTEL | Hotels in Kanpur,4.1,kanpur,Free Wi-Fi,Paid parking,Pool,Restaurant,Room service,Kitchen,Full-service laundry,No elevator,Bar,3280.0,https://www.agoda.com/search?text=THE%20ROYAL%20ORCHID%20HOTEL%20%7C%20Hotels%20in%20Kanpur%20kanpur%20India
Little Chef Hotel,4.3,kanpur,3-star hotel,Free breakfast,Wi-Fi,Paid parking,Air conditioning,Fitness center,Bar,Restaurant,Room service,3679.0,https://www.agoda.com/search?text=Little%20Chef%20Hotel%20kanpur%20India
Hotel Bhagyaraj Palace -Best Hotel In Kanpur,4.2,kanpur,Free Wi-Fi,Paid parking,Restaurant,Room service,Kitchen,Full-service laundry,Full-service laundry,Restaurant,Room service,2560.0,https://www.agoda.com/search?text=Hotel%20Bhagyaraj%20Palace%20-Best%20Hotel%20In%20Kanpur%20kanpur%20India
The Altius Boutique Hotel,4.0,chandigarh,4-star hotel,Free breakfast,Free Wi-Fi,Free parking,Pool,Air conditioning,Bar,Restaurant,Room service,4435.0,https://www.agoda.com/search?text=The%20Altius%20Boutique%20Hotel%20chandigarh%20India
Hotel Oyster,4.0,chandigarh,3-star hotel,Free breakfast,Free Wi-Fi,Paid parking,Air conditioning,Fitness center,Spa,Bar,Restaurant,3528.0,https://www.agoda.com/search?text=Hotel%20Oyster%20chandigarh%20India
Hotel Emerald Chandigarh,4.2,chandigarh,3-star hotel,Free breakfast,Free Wi-Fi,Air conditioning,Restaurant,Room service,Airport shuttle,Full-service laundry,Kid-friendly,1765.0,https://www.agoda.com/search?text=Hotel%20Emerald%20Chandigarh%20chandigarh%20India
Hotel Aroma Chandigarh,4.3,chandigarh,3-star hotel,Free breakfast,Free Wi-Fi,Free parking,Air conditioning,Fitness center,Spa,Restaurant,Room service,3035.0,https://www.agoda.com/search?text=Hotel%20Aroma%20Chandigarh%20chandigarh%20India
The Altius Boutique Hotel,4.0,chandigarh,4-star hotel,Free breakfast,Free Wi-Fi,Free parking,Pool,Air conditioning,Bar,Restaurant,Room service,3003.0,https://www.agoda.com/search?text=The%20Altius%20Boutique%20Hotel%20chandigarh%20India
Hotel The Yellow,4.1,chandigarh,Free breakfast,Free Wi-Fi,Free parking,Air conditioning,Restaurant,Room service,Airport shuttle,Full-service laundry,Accessible,1651.0,https://www.agoda.com/search?text=Hotel%20The%20Yellow%20chandigarh%20India
Hotel Royal Park 22,4.3,chandigarh,3-star hotel,Free Wi-Fi,Air conditioning,Pet-friendly,Restaurant,Kitchen,Airport shuttle,Full-service laundry,Kid-friendly,2231.0,https://www.agoda.com/search?text=Hotel%20Royal%20Park%2022%20chandigarh%20India
Hotel City Palace,3.4,chandigarh,Breakfast,Free Wi-Fi,Air conditioning,Restaurant,Room service,Kitchen,Full-service laundry,Room service,Kid-friendly,461.0,https://www.agoda.com/search?text=Hotel%20City%20Palace%20chandigarh%20India
"The Fern Residency, Chandigarh",4.0,chandigarh,3-star hotel,Free breakfast,Free Wi-Fi,Free parking,Air conditioning,Bar,Restaurant,Room service,Airport shuttle,4077.0,https://www.agoda.com/search?text=The%20Fern%20Residency%2C%20Chandigarh%20chandigarh%20India
Wyndham Chandigarh Mohali,4.6,chandigarh,Free breakfast,Free Wi-Fi,Free parking,Pool,Hot tub,Air conditioning,Fitness center,Spa,Restaurant,10636.0,https://www.agoda.com/search?text=Wyndham%20Chandigarh%20Mohali%20chandigarh%20India
Hotel City Heart Premium,3.8,chandigarh,3-star hotel,Free breakfast,Free Wi-Fi,Paid parking,Air conditioning,Bar,Restaurant,Room service,Full-service laundry,2036.0,https://www.agoda.com/search?text=Hotel%20City%20Heart%20Premium%20chandigarh%20India
Hotel Pride,4.5,chandigarh,2-star hotel,Free breakfast,Free Wi-Fi,Free parking,Air conditioning,Restaurant,Room service,Airport shuttle,Full-service laundry,1407.0,https://www.agoda.com/search?text=Hotel%20Pride%20chandigarh%20India
The Regent hotel,3.5,chandigarh,3-star hotel,Free breakfast,Wi-Fi,Paid parking,Air conditioning,Restaurant,Room service,Airport shuttle,Full-service laundry,1950.0,https://www.agoda.com/search?text=The%20Regent%20hotel%20chandigarh%20India
Hotel Chandigarh Beckons,4.2,chandigarh,3-star hotel,Free breakfast,Wi-Fi,Free parking,Pool,Air conditioning,Restaurant,Room service,Full-service laundry,2808.0,https://www.agoda.com/search?text=Hotel%20Chandigarh%20Beckons%20chandigarh%20India
Taj Chandigarh,4.4,chandigarh,5-star hotel,Free breakfast,Free Wi-Fi,Free parking,Pool,Hot tub,Air conditioning,Fitness center,Spa,15337.0,https://www.agoda.com/search?text=Taj%20Chandigarh%20chandigarh%20India
The Piccadily Hotel,4.1,chandigarh,4-star hotel,Free breakfast,Free Wi-Fi,Paid parking,Air conditioning,Bar,Restaurant,Room service,Kitchen,4656.0,https://www.agoda.com/search?text=The%20Piccadily%20Hotel%20chandigarh%20India
Amara Hotel,4.1,chandigarh,3-star hotel,Free breakfast,Wi-Fi,Air conditioning,Restaurant,Room service,Airport shuttle,Full-service laundry,Accessible,2533.0,https://www.agoda.com/search?text=Amara%20Hotel%20chandigarh%20India
Hotel Landmark Chandigarh,3.8,chandigarh,2-star hotel,Breakfast,Free Wi-Fi,Paid parking,Hot tub,Air conditioning,Restaurant,Room service,Kitchen,1976.0,https://www.agoda.com/search?text=Hotel%20Landmark%20Chandigarh%20chandigarh%20India
Hotel Park Inn,4.1,chandigarh,3-star hotel,Free breakfast,Wi-Fi,Air conditioning,Restaurant,Room service,Full-service laundry,Kid-friendly,Restaurant,3506.0,https://www.agoda.com/search?text=Hotel%20Park%20Inn%20chandigarh%20India
Kapoor's Homestay Chandigarh,3.2,chandigarh,4-star hotel,Free breakfast,Air conditioning,Fireplace,Cable TV,Paid parking,Free Wi-Fi,No crib,No elevator,2580.0,https://www.agoda.com/search?text=Kapoor%27s%20Homestay%20Chandigarh%20chandigarh%20India
Natures Blessing,4.9,chandigarh,3-star hotel,Paid parking,Air conditioning,Elevator,Fireplace,Kitchen,Paid parking,Free Wi-Fi,No crib,2528.0,https://www.agoda.com/search?text=Natures%20Blessing%20chandigarh%20India
Hotel Parkview,4.0,chandigarh,3-star hotel,Free breakfast,Free Wi-Fi,No outdoor grill,Free parking,Full-service laundry,Air conditioning,No elevator,No fitness center,2398.0,https://www.agoda.com/search?text=Hotel%20Parkview%20chandigarh%20India
Hotel Icon,4.2,chandigarh,4-star hotel,Free breakfast,Wi-Fi,Pool,Air conditioning,Restaurant,Room service,Airport shuttle,Full-service laundry,5544.0,https://www.agoda.com/search?text=Hotel%20Icon%20chandigarh%20India
The Guwahati Address,4.3,guwahati,4-star hotel,Free breakfast,Wi-Fi,Paid parking,Air conditioning,Restaurant,Room service,Airport shuttle,Full-service laundry,6720.0,https://www.agoda.com/search?text=The%20Guwahati%20Address%20guwahati%20India
Treebo Trend Umal Homestay,4.5,guwahati,3-star hotel,Free breakfast,Free Wi-Fi,Paid parking,Pool,Air conditioning,Restaurant,Kitchen,Full-service laundry,2572.0,https://www.agoda.com/search?text=Treebo%20Trend%20Umal%20Homestay%20guwahati%20India
"Radisson Blu Hotel, Guwahati",4.5,guwahati,5-star hotel,Breakfast,Free Wi-Fi,Free parking,Pool,Hot tub,Air conditioning,Fitness center,Spa,7153.0,https://www.agoda.com/search?text=Radisson%20Blu%20Hotel%2C%20Guwahati%20guwahati%20India
Exotic Villa Homestay,4.3,guwahati,Breakfast,Free Wi-Fi,Free parking,Room service,Kitchen,Full-service laundry,Kid-friendly,Fitness center,Airport shuttle,1026.0,https://www.agoda.com/search?text=Exotic%20Villa%20Homestay%20guwahati%20India
Vivanta Guwahati,4.4,guwahati,5-star hotel,Free breakfast,Free Wi-Fi,Free parking,Pool,Hot tub,Air conditioning,Pet-friendly,Fitness center,9781.0,https://www.agoda.com/search?text=Vivanta%20Guwahati%20guwahati%20India
"The Greenwood Resort, Guwahati",4.3,guwahati,3-star hotel,Free breakfast,Free Wi-Fi,Free parking,Pool,Air conditioning,Spa,Bar,Restaurant,7111.0,https://www.agoda.com/search?text=The%20Greenwood%20Resort%2C%20Guwahati%20guwahati%20India
Novotel Guwahati GS Road,4.6,guwahati,5-star hotel,Free breakfast,Free Wi-Fi,Free parking,Pool,Air conditioning,Fitness center,Spa,Bar,8623.0,https://www.agoda.com/search?text=Novotel%20Guwahati%20GS%20Road%20guwahati%20India
Ginger Guwahati,3.8,guwahati,3-star hotel,Free Wi-Fi,Paid parking,Air conditioning,Fitness center,Breakfast,Full-service laundry,Kid-friendly,Accessible,3358.0,https://www.agoda.com/search?text=Ginger%20Guwahati%20guwahati%20India
A P Home's,4.4,guwahati,2-star hotel,Free breakfast,Air conditioning,Fireplace,Cable TV,Free Wi-Fi,No crib,No elevator,No fitness center,1306.0,https://www.agoda.com/search?text=A%20P%20Home%27s%20guwahati%20India
Mahalaxmi Home Stay,4.3,guwahati,Breakfast,Free Wi-Fi,Free parking,Air conditioning,Bar,Restaurant,Room service,Kitchen,Airport shuttle,710.0,https://www.agoda.com/search?text=Mahalaxmi%20Home%20Stay%20guwahati%20India
The Ornate,4.2,guwahati,3-star hotel,Breakfast,Free Wi-Fi,Free parking,Air conditioning,Bar,Restaurant,Room service,Full-service laundry,4017.0,https://www.agoda.com/search?text=The%20Ornate%20guwahati%20India
Gibbon Backpackers Hostel,4.5,guwahati,Breakfast,Free Wi-Fi,Paid parking,Air conditioning,Restaurant,Kitchen,Full-service laundry,Fitness center,Room service,782.0,https://www.agoda.com/search?text=Gibbon%20Backpackers%20Hostel%20guwahati%20India
Pragati Manor,4.1,guwahati,3-star hotel,Free breakfast,Free Wi-Fi,Free parking,Pool,Air conditioning,Restaurant,Room service,Airport shuttle,4451.0,https://www.agoda.com/search?text=Pragati%20Manor%20guwahati%20India
The Rhino,4.0,guwahati,5-star hotel,Free breakfast,Paid parking,Air conditioning,Free Wi-Fi,Restaurant,Restaurant,Full-service laundry,Breakfast,1371.0,https://www.agoda.com/search?text=The%20Rhino%20guwahati%20India
Hiltop Lodge,3.8,guwahati,4-star hotel,Pool,Fireplace,Paid parking,Free Wi-Fi,No air conditioning,No crib,No elevator,No fitness center,1166.0,https://www.agoda.com/search?text=Hiltop%20Lodge%20guwahati%20India
Airport Guest House Guwahati,4.0,guwahati,3-star hotel,Free breakfast,Free Wi-Fi,Paid parking,Pool,Air conditioning,Restaurant,Room service,Kitchen,2354.0,https://www.agoda.com/search?text=Airport%20Guest%20House%20Guwahati%20guwahati%20India
"The Greenwood, Guwahati : A Luxury Boutique Hotel",4.6,guwahati,Breakfast,Free Wi-Fi,Free parking,Pool,Air conditioning,Fitness center,Spa,Bar,Restaurant,6335.0,https://www.agoda.com/search?text=The%20Greenwood%2C%20Guwahati%20%3A%20A%20Luxury%20Boutique%20Hotel%20guwahati%20India
Dula Homestay,4.7,guwahati,Free Wi-Fi,Free parking,Air conditioning,Breakfast,Kitchen,Accessible,Full-service laundry,Free Wi-Fi,Bar,1034.0,https://www.agoda.com/search?text=Dula%20Homestay%20guwahati%20India
Luit Vista Guest House (A boutique Heritage property),4.3,guwahati,Breakfast,Free Wi-Fi,Free parking,Air conditioning,Restaurant,Room service,Airport shuttle,Kid-friendly,Smoke-free,2106.0,https://www.agoda.com/search?text=Luit%20Vista%20Guest%20House%20%28A%20boutique%20Heritage%20property%29%20guwahati%20India
Hotel Dynasty,4.1,guwahati,4-star hotel,Free breakfast,Free Wi-Fi,Paid parking,Air conditioning,Fitness center,Spa,Bar,Restaurant,3604.0,https://www.agoda.com/search?text=Hotel%20Dynasty%20guwahati%20India
Ratnamouli Palace,4.6,guwahati,Free breakfast,Free Wi-Fi,Free parking,Pool,Air conditioning,Fitness center,Spa,Bar,Restaurant,6720.0,https://www.agoda.com/search?text=Ratnamouli%20Palace%20guwahati%20India
Treebo Trend Pappilon Palace,4.2,mangalore,3-star hotel,Free breakfast,Free Wi-Fi,Free parking,Air conditioning,Room service,Full-service laundry,Kid-friendly,Smoke-free,3008.0,https://www.agoda.com/search?text=Treebo%20Trend%20Pappilon%20Palace%20mangalore%20India
Treebo Trend The Horizon - Hotel in Mangalore,4.1,mangalore,3-star hotel,Free breakfast,Free Wi-Fi,Paid parking,Pool,Air conditioning,Restaurant,Kitchen,Full-service laundry,2738.0,https://www.agoda.com/search?text=Treebo%20Trend%20The%20Horizon%20-%20Hotel%20in%20Mangalore%20mangalore%20India
Rks Beachfront,4.8,mangalore,Free Wi-Fi,Free parking,Pool,Beach access,Bar,Restaurant,Room service,Kitchen,Full-service laundry,4116.0,https://www.agoda.com/search?text=Rks%20Beachfront%20mangalore%20India
Hotel Manorama,4.0,mangalore,3-star hotel,Free Wi-Fi,Free parking,Air conditioning,Kitchen,Airport shuttle,Full-service laundry,Kid-friendly,Restaurant,1237.0,https://www.agoda.com/search?text=Hotel%20Manorama%20mangalore%20India
Grand Plaza Hotel,3.9,mangalore,3-star hotel,Free breakfast,Free Wi-Fi,Paid parking,Air conditioning,Room service,Airport shuttle,Kid-friendly,No ironing board,2580.0,https://www.agoda.com/search?text=Grand%20Plaza%20Hotel%20mangalore%20India
Hotel Ganga Sagar,4.3,mangalore,Free breakfast,Free Wi-Fi,Pool,Air conditioning,Restaurant,Room service,Full-service laundry,Kid-friendly,Smoke-free,1348.0,https://www.agoda.com/search?text=Hotel%20Ganga%20Sagar%20mangalore%20India
"Vivanta Mangalore, Old Port Road",4.2,mangalore,4-star hotel,Free breakfast,Free Wi-Fi,Free parking,Pool,Air conditioning,Pet-friendly,Fitness center,Spa,6891.0,https://www.agoda.com/search?text=Vivanta%20Mangalore%2C%20Old%20Port%20Road%20mangalore%20India
Hotel Mangalore International,3.8,mangalore,3-star hotel,Free breakfast,Free Wi-Fi,Free parking,Pool,Restaurant,Room service,Full-service laundry,Kid-friendly,1362.0,https://www.agoda.com/search?text=Hotel%20Mangalore%20International%20mangalore%20India
Cosmo Lodge,3.8,mangalore,Free Wi-Fi,Paid parking,Air conditioning,Breakfast,Room service,Kitchen,Full-service laundry,Accessible,Kid-friendly,887.0,https://www.agoda.com/search?text=Cosmo%20Lodge%20mangalore%20India
The Sea View,4.2,mangalore,Free breakfast,Free Wi-Fi,Free parking,Pool,Spa,Bar,Restaurant,Room service,Kitchen,4777.0,https://www.agoda.com/search?text=The%20Sea%20View%20mangalore%20India
Hotel Heraa International - The Heraa Inn,4.6,mangalore,3-star hotel,Breakfast,Free Wi-Fi,Air conditioning,Pool,Room service,Restaurant,Room service,Full-service laundry,2239.0,https://www.agoda.com/search?text=Hotel%20Heraa%20International%20-%20The%20Heraa%20Inn%20mangalore%20India
Hotel Poonja International,3.5,mangalore,3-star hotel,Free breakfast,Free Wi-Fi,Paid parking,Air conditioning,Restaurant,Room service,Airport shuttle,Full-service laundry,1677.0,https://www.agoda.com/search?text=Hotel%20Poonja%20International%20mangalore%20India
THE OCEAN PEARL INN,4.3,mangalore,Free breakfast,Free parking,Air conditioning,Restaurant,Room service,Airport shuttle,Full-service laundry,Accessible,Accessible,4106.0,https://www.agoda.com/search?text=THE%20OCEAN%20PEARL%20INN%20mangalore%20India
The Ocean Pearl,4.4,mangalore,3-star hotel,Free breakfast,Free Wi-Fi,Free parking,Pool,Air conditioning,Fitness center,Spa,Bar,5891.0,https://www.agoda.com/search?text=The%20Ocean%20Pearl%20mangalore%20India
Royal Plaza Suites,4.7,mangalore,Free breakfast,Free Wi-Fi,Free parking,Air conditioning,Fitness center,Restaurant,Room service,Airport shuttle,Kitchen,4409.0,https://www.agoda.com/search?text=Royal%20Plaza%20Suites%20mangalore%20India
Goldfinch Hote l Mangaluru,4.2,mangalore,Breakfast,Free Wi-Fi,Paid parking,Pool,Fitness center,Restaurant,Room service,Kitchen,Airport shuttle,4619.0,https://www.agoda.com/search?text=Goldfinch%20Hote%20l%20Mangaluru%20mangalore%20India
Hotel Paramount Suites & Service Apartments (Mangalore),4.5,mangalore,Free Wi-Fi,Free parking,Pool,Air conditioning,Room service,Kitchen,Full-service laundry,Business center,Full-service laundry,2464.0,https://www.agoda.com/search?text=Hotel%20Paramount%20Suites%20%26%20Service%20Apartments%20%28Mangalore%29%20mangalore%20India
Hotel Plaza Heights,4.6,mangalore,Free Wi-Fi,Free parking,Air conditioning,Smoke-free,Pool,Bar,Restaurant,Room service,Bar,1937.0,https://www.agoda.com/search?text=Hotel%20Plaza%20Heights%20mangalore%20India
Woodlands Hotel,4.0,mangalore,Breakfast,Free parking,Wi-Fi,Restaurant,Room service,Full-service laundry,Kid-friendly,Full-service laundry,Full-service laundry,1888.0,https://www.agoda.com/search?text=Woodlands%20Hotel%20mangalore%20India
AJ Grand Hotel,4.5,mangalore,Free breakfast,Free Wi-Fi,Free parking,Pool,Air conditioning,Fitness center,Spa,Bar,Restaurant,4620.0,https://www.agoda.com/search?text=AJ%20Grand%20Hotel%20mangalore%20India
Hotel Ganga Sagar,4.3,mangalore,Free breakfast,Free Wi-Fi,Pool,Air conditioning,Restaurant,Room service,Full-service laundry,Kid-friendly,Smoke-free,1348.0,https://www.agoda.com/search?text=Hotel%20Ganga%20Sagar%20mangalore%20India
The Sea View,4.2,mangalore,Free breakfast,Free Wi-Fi,Free parking,Pool,Spa,Bar,Restaurant,Room service,Kitchen,4936.0,https://www.agoda.com/search?text=The%20Sea%20View%20mangalore%20India
Grand Mercure Mysore,4.5,mysore,5-star hotel,Free breakfast,Free Wi-Fi,Free parking,Pool,Air conditioning,Fitness center,Spa,Bar,7503.0,https://www.agoda.com/search?text=Grand%20Mercure%20Mysore%20mysore%20India
Treebo Trend Akshaya Mahal Inn - Hotel in Mysore,4.2,mysore,3-star hotel,Free breakfast,Free Wi-Fi,Free parking,Air conditioning,Restaurant,Room service,Kid-friendly,Kid-friendly,5572.0,https://www.agoda.com/search?text=Treebo%20Trend%20Akshaya%20Mahal%20Inn%20-%20Hotel%20in%20Mysore%20mysore%20India
Tulips Homestay | Studio Rooms & Wi-Fi,4.3,mysore,5-star hotel,Free Wi-Fi,Air conditioning,Fireplace,Cable TV,Paid parking,Free Wi-Fi,No crib,No elevator,2195.0,https://www.agoda.com/search?text=Tulips%20Homestay%20%7C%20Studio%20Rooms%20%26%20Wi-Fi%20mysore%20India
Lalitha Mahal Palace Hotel,4.3,mysore,4-star hotel,Free breakfast,Wi-Fi,Free parking,Pool,Air conditioning,Restaurant,Room service,Full-service laundry,5244.0,https://www.agoda.com/search?text=Lalitha%20Mahal%20Palace%20Hotel%20mysore%20India
"Hotel Heritage Inn, Mysore",4.3,mysore,Free breakfast,Free Wi-Fi,Free parking,Air conditioning,Restaurant,Room service,Kitchen,Full-service laundry,Kid-friendly,1967.0,https://www.agoda.com/search?text=Hotel%20Heritage%20Inn%2C%20Mysore%20mysore%20India
Hotel Garden City,3.6,mysore,2-star hotel,Breakfast,Free Wi-Fi,Free parking,Restaurant,Room service,Airport shuttle,Full-service laundry,Kid-friendly,715.0,https://www.agoda.com/search?text=Hotel%20Garden%20City%20mysore%20India
Aishwarya Le Royal (Best Budget Hotel in Mysore),3.7,mysore,3-star hotel,Free Wi-Fi,Paid parking,Air conditioning,Restaurant,Kitchen,Full-service laundry,Fitness center,Full-service laundry,1048.0,https://www.agoda.com/search?text=Aishwarya%20Le%20Royal%20%28Best%20Budget%20Hotel%20in%20Mysore%29%20mysore%20India
Hotel Mayura Hoysala Mysuru,4.1,mysore,3-star hotel,Free Wi-Fi,Free parking,Air conditioning,Breakfast,Bar,Restaurant,Room service,Airport shuttle,2419.0,https://www.agoda.com/search?text=Hotel%20Mayura%20Hoysala%20Mysuru%20mysore%20India
Livaana (Formerly known as Vivaana),3.8,mysore,Breakfast,Free Wi-Fi,Free parking,Pool,Bar,Restaurant,Room service,Kitchen,Airport shuttle,2193.0,https://www.agoda.com/search?text=Livaana%20%28Formerly%20known%20as%20Vivaana%29%20mysore%20India
Hotel Sandesh The Prince,4.1,mysore,4-star hotel,Free breakfast,Free Wi-Fi,Free parking,Pool,Hot tub,Air conditioning,Fitness center,Spa,3008.0,https://www.agoda.com/search?text=Hotel%20Sandesh%20The%20Prince%20mysore%20India
"Fortune JP Palace, Mysore - Member ITC's hotel group",4.3,mysore,4-star hotel,Breakfast,Free Wi-Fi,Free parking,Pool,Air conditioning,Fitness center,Spa,Bar,4880.0,https://www.agoda.com/search?text=Fortune%20JP%20Palace%2C%20Mysore%20-%20Member%20ITC%27s%20hotel%20group%20mysore%20India
Grand Mercure Mysore,4.5,mysore,5-star hotel,Free breakfast,Free Wi-Fi,Free parking,Pool,Air conditioning,Fitness center,Spa,Bar,6000.0,https://www.agoda.com/search?text=Grand%20Mercure%20Mysore%20mysore%20India
Country Inn Mysore - Mosaic,4.5,mysore,Apartment,Free Wi-Fi,Free Wi-Fi,Air conditioning,Air conditioning,Fitness center,Fitness center,Kitchen,Bar,4645.0,https://www.agoda.com/search?text=Country%20Inn%20Mysore%20-%20Mosaic%20mysore%20India
Hotel Sepoy Grande,4.0,mysore,3-star hotel,Free Wi-Fi,Paid parking,Pool,Restaurant,Room service,Airport shuttle,Full-service laundry,Full-service laundry,1455.0,https://www.agoda.com/search?text=Hotel%20Sepoy%20Grande%20mysore%20India
Silent Shores Resort & Spa,4.3,mysore,4-star hotel,Free breakfast,Free Wi-Fi,Free parking,Pool,Air conditioning,Fitness center,Spa,Restaurant,6838.0,https://www.agoda.com/search?text=Silent%20Shores%20Resort%20%26%20Spa%20mysore%20India
Maya's Kings Kourt,4.1,mysore,3-star hotel,Breakfast,Free Wi-Fi,Free parking,Air conditioning,Bar,Restaurant,Room service,Full-service laundry,1852.0,https://www.agoda.com/search?text=Maya%27s%20Kings%20Kourt%20mysore%20India
Rahee Bi Roambay,4.5,mysore,3-star hotel,Breakfast,Free Wi-Fi,Free parking,Kitchen,Restaurant,Fitness center,Bar,Kid-friendly,1398.0,https://www.agoda.com/search?text=Rahee%20Bi%20Roambay%20mysore%20India
REGALIA INN AND SUITES,4.0,mysore,3-star hotel,Free breakfast,Free Wi-Fi,Free parking,Air conditioning,Restaurant,Kitchen,Airport shuttle,Full-service laundry,1628.0,https://www.agoda.com/search?text=REGALIA%20INN%20AND%20SUITES%20mysore%20India
Hotel Kalyani,3.9,mysore,2-star hotel,Breakfast,Free Wi-Fi,Free parking,Air conditioning,Bar,Restaurant,Room service,Airport shuttle,1288.0,https://www.agoda.com/search?text=Hotel%20Kalyani%20mysore%20India
Royal Tusker Luxury Service Apartments,4.9,mysore,Free Wi-Fi,Free parking,Air conditioning,Spa,Breakfast,Kitchen,Airport shuttle,Full-service laundry,Accessible,2107.0,https://www.agoda.com/search?text=Royal%20Tusker%20Luxury%20Service%20Apartments%20mysore%20India
Grand Maurya Hotel & Resort,4.1,mysore,2-star hotel,Breakfast,Free Wi-Fi,Free parking,Pool,Air conditioning,Fitness center,Bar,Restaurant,2828.0,https://www.agoda.com/search?text=Grand%20Maurya%20Hotel%20%26%20Resort%20mysore%20India
Tulips Homestay Mysore,4.4,mysore,4-star hotel,Airport shuttle,Cable TV,Wheelchair accessible,Free parking,Free Wi-Fi,No air conditioning,No beach access,No elevator,2387.0,https://www.agoda.com/search?text=Tulips%20Homestay%20Mysore%20mysore%20India
Hotel Mayura Hoysala Mysuru,4.1,mysore,3-star hotel,Free Wi-Fi,Free parking,Air conditioning,Breakfast,Bar,Restaurant,Room service,Airport shuttle,2531.0,https://www.agoda.com/search?text=Hotel%20Mayura%20Hoysala%20Mysuru%20mysore%20India
Hotel Sandesh The Prince,4.1,mysore,4-star hotel,Free breakfast,Free Wi-Fi,Free parking,Pool,Hot tub,Air conditioning,Fitness center,Spa,6551.0,https://www.agoda.com/search?text=Hotel%20Sandesh%20The%20Prince%20mysore%20India
LP Vilas,4.4,dehradun,4-star hotel,Free breakfast,Free Wi-Fi,Free parking,Pool,Hot tub,Air conditioning,Fitness center,Spa,5848.0,https://www.agoda.com/search?text=LP%20Vilas%20dehradun%20India
Shahanshahi Adventure Park and Wellness Resort,4.2,dehradun,Free breakfast,Free Wi-Fi,Free parking,Pool,Hot tub,Air conditioning,Fitness center,Spa,Bar,3207.0,https://www.agoda.com/search?text=Shahanshahi%20Adventure%20Park%20and%20Wellness%20Resort%20dehradun%20India
The River's Edge Farm - A Boutique Stay,4.5,dehradun,Free breakfast,Free Wi-Fi,Free parking,Air conditioning,Pet-friendly,Room service,Airport shuttle,Full-service laundry,Kid-friendly,6114.0,https://www.agoda.com/search?text=The%20River%27s%20Edge%20Farm%20-%20A%20Boutique%20Stay%20dehradun%20India
Mango Tree Courtyard,4.7,dehradun,Free breakfast,Paid parking,Air conditioning,Restaurant,Room service,Kitchen,Full-service laundry,Kid-friendly,No elevator,2285.0,https://www.agoda.com/search?text=Mango%20Tree%20Courtyard%20dehradun%20India
Hyatt Regency Dehradun Resort and Spa,4.6,dehradun,5-star hotel,Breakfast,Free Wi-Fi,Free parking,Pool,Air conditioning,Pet-friendly,Fitness center,Spa,20562.0,https://www.agoda.com/search?text=Hyatt%20Regency%20Dehradun%20Resort%20and%20Spa%20dehradun%20India
The Hosteller Dehradun,4.8,dehradun,Breakfast,Free Wi-Fi,Free parking,Air conditioning,Restaurant,Full-service laundry,Restaurant,Airport shuttle,Room service,1315.0,https://www.agoda.com/search?text=The%20Hosteller%20Dehradun%20dehradun%20India
Adidev Group of Homestays,4.6,dehradun,Breakfast,Free Wi-Fi,Paid parking,Kitchen,Full-service laundry,Pet-friendly,Bar,Restaurant,Full-service laundry,1005.0,https://www.agoda.com/search?text=Adidev%20Group%20of%20Homestays%20dehradun%20India
Riverstone Cottages,4.0,dehradun,3-star hotel,Free breakfast,Wi-Fi,Free parking,Pool,Air conditioning,Restaurant,Full-service laundry,Kid-friendly,4686.0,https://www.agoda.com/search?text=Riverstone%20Cottages%20dehradun%20India
Ramada by Wyndham,4.2,dehradun,4-star hotel,Free breakfast,Free Wi-Fi,Free parking,Pool,Air conditioning,Fitness center,Bar,Restaurant,6131.0,https://www.agoda.com/search?text=Ramada%20by%20Wyndham%20dehradun%20India
"Tree of Life Resort, Dehradun Foothills",4.5,dehradun,Free breakfast,Free Wi-Fi,Free parking,Pool,Pet-friendly,Restaurant,Room service,Kitchen,Full-service laundry,6176.0,https://www.agoda.com/search?text=Tree%20of%20Life%20Resort%2C%20Dehradun%20Foothills%20dehradun%20India
Hotel Rajpur Heights,4.0,dehradun,3-star hotel,Breakfast,Free Wi-Fi,Free parking,Air conditioning,Restaurant,Room service,Airport shuttle,Full-service laundry,2169.0,https://www.agoda.com/search?text=Hotel%20Rajpur%20Heights%20dehradun%20India
Bhagwant Villa - A terrace view,4.4,dehradun,3-star hotel,Breakfast,Fireplace,Paid parking,No air conditioning,No crib,No elevator,No fitness center,No ironing board,2090.0,https://www.agoda.com/search?text=Bhagwant%20Villa%20-%20A%20terrace%20view%20dehradun%20India
Fairfield by Marriott Dehradun,4.4,dehradun,4-star hotel,Free breakfast,Free Wi-Fi,Free parking,Pool,Air conditioning,Fitness center,Restaurant,Room service,11682.0,https://www.agoda.com/search?text=Fairfield%20by%20Marriott%20Dehradun%20dehradun%20India
The Sal Woods - Forest Retreat and Spa,3.9,dehradun,3-star hotel,Free breakfast,Free Wi-Fi,Paid parking,Pool,Air conditioning,Pet-friendly,Spa,Restaurant,6384.0,https://www.agoda.com/search?text=The%20Sal%20Woods%20-%20Forest%20Retreat%20and%20Spa%20dehradun%20India
Old British House,4.7,dehradun,Breakfast,Free Wi-Fi,Free parking,Air conditioning,Restaurant,Kitchen,Airport shuttle,Full-service laundry,Business center,1923.0,https://www.agoda.com/search?text=Old%20British%20House%20dehradun%20India
LP Vilas,4.4,dehradun,4-star hotel,Free breakfast,Free Wi-Fi,Free parking,Pool,Hot tub,Air conditioning,Fitness center,Spa,4925.0,https://www.agoda.com/search?text=LP%20Vilas%20dehradun%20India
Hotel JSR Continental,3.9,dehradun,3-star hotel,Free breakfast,Free Wi-Fi,Free parking,Pool,Hot tub,Air conditioning,Fitness center,Spa,3843.0,https://www.agoda.com/search?text=Hotel%20JSR%20Continental%20dehradun%20India
Clarion Hotel Dehradun,4.4,dehradun,5-star hotel,Breakfast,Free Wi-Fi,Air conditioning,Room service,Fitness center,Airport shuttle,Spa,Accessible,3728.0,https://www.agoda.com/search?text=Clarion%20Hotel%20Dehradun%20dehradun%20India
Hotel Embassy Dehradun & The Trekkers Hostel,3.8,dehradun,3-star hotel,Free breakfast,Free Wi-Fi,Free parking,Air conditioning,Restaurant,Room service,Full-service laundry,Kid-friendly,1069.0,https://www.agoda.com/search?text=Hotel%20Embassy%20Dehradun%20%26%20The%20Trekkers%20Hostel%20dehradun%20India
Mango Tree Courtyard | Heritage Rooms with Wi-Fi,4.5,dehradun,Free breakfast,Paid parking,Air conditioning,Fireplace,Cable TV,Paid parking,Free Wi-Fi,No crib,No elevator,3775.0,https://www.agoda.com/search?text=Mango%20Tree%20Courtyard%20%7C%20Heritage%20Rooms%20with%20Wi-Fi%20dehradun%20India
Treebo Trend Elysee,3.8,dehradun,Free breakfast,Free Wi-Fi,Paid parking,Air conditioning,Restaurant,Room service,Kitchen,Airport shuttle,Full-service laundry,9035.0,https://www.agoda.com/search?text=Treebo%20Trend%20Elysee%20dehradun%20India
Treebo Trend Blessing Bells,4.0,dehradun,3-star hotel,Free breakfast,Free Wi-Fi,Free parking,Air conditioning,Restaurant,Room service,Full-service laundry,Kid-friendly,9037.0,https://www.agoda.com/search?text=Treebo%20Trend%20Blessing%20Bells%20dehradun%20India
Walisons Hotel,4.2,srinagar,3-star hotel,Free breakfast,Free Wi-Fi,Paid parking,Restaurant,Kitchen,Airport shuttle,Full-service laundry,Kid-friendly,3780.0,https://www.agoda.com/search?text=Walisons%20Hotel%20srinagar%20India
"The Montreal, Srinagar- Best Hotels/4 Star Hotels/Hotel Near Dal Lake/Hotel Near Mughal Garden",4.4,srinagar,Free breakfast,Free Wi-Fi,Free parking,Air conditioning,Restaurant,Room service,Airport shuttle,Full-service laundry,Accessible,8991.0,https://www.agoda.com/search?text=The%20Montreal%2C%20Srinagar-%20Best%20Hotels/4%20Star%20Hotels/Hotel%20Near%20Dal%20Lake/Hotel%20Near%20Mughal%20Garden%20srinagar%20India
Zostel Srinagar,4.5,srinagar,Breakfast,Free Wi-Fi,Free parking,Air conditioning,Restaurant,Airport shuttle,Smoke-free,Full-service laundry,Room service,1853.0,https://www.agoda.com/search?text=Zostel%20Srinagar%20srinagar%20India
The Shelter Heritage A Boutique Hotel,4.5,srinagar,Free breakfast,Free Wi-Fi,Free parking,Air conditioning,Restaurant,Room service,Airport shuttle,Golf,Full-service laundry,2510.0,https://www.agoda.com/search?text=The%20Shelter%20Heritage%20A%20Boutique%20Hotel%20srinagar%20India
Hotel Samar,4.2,srinagar,3-star hotel,Breakfast,Free Wi-Fi,Free parking,Restaurant,Airport shuttle,Full-service laundry,Kid-friendly,Smoke-free,1669.0,https://www.agoda.com/search?text=Hotel%20Samar%20srinagar%20India
Jamal Resorts,4.0,srinagar,4-star hotel,Free breakfast,Free Wi-Fi,Free parking,Air conditioning,Pet-friendly,Restaurant,Room service,Airport shuttle,4215.0,https://www.agoda.com/search?text=Jamal%20Resorts%20srinagar%20India
Hotel Himalayan Resort,4.1,srinagar,3-star hotel,Breakfast,Free Wi-Fi,Free parking,Pet-friendly,Bar,Restaurant,Room service,Kitchen,3920.0,https://www.agoda.com/search?text=Hotel%20Himalayan%20Resort%20srinagar%20India
Hotel New Green View Srinagar (Ghulam),3.8,srinagar,3-star hotel,Free Wi-Fi,Free parking,Room service,Pet-friendly,Free parking,Bar,Full-service laundry,Restaurant,723.0,https://www.agoda.com/search?text=Hotel%20New%20Green%20View%20Srinagar%20%28Ghulam%29%20srinagar%20India
Asian Park Hotel,3.8,srinagar,4-star hotel,Free breakfast,Free Wi-Fi,Free parking,Air conditioning,Restaurant,Room service,Airport shuttle,Full-service laundry,4456.0,https://www.agoda.com/search?text=Asian%20Park%20Hotel%20srinagar%20India
The victory (A Boutique Hotel),4.0,srinagar,3-star hotel,Free breakfast,Free Wi-Fi,Free parking,Air conditioning,Restaurant,Kitchen,Airport shuttle,Full-service laundry,3686.0,https://www.agoda.com/search?text=The%20victory%20%28A%20Boutique%20Hotel%29%20srinagar%20India
Hotel Sultan Residency,4.6,srinagar,Breakfast,Free Wi-Fi,Free parking,Air conditioning,Pet-friendly,Restaurant,Room service,Airport shuttle,Full-service laundry,1848.0,https://www.agoda.com/search?text=Hotel%20Sultan%20Residency%20srinagar%20India
Hotel Royal Heritage,4.2,srinagar,3-star hotel,Free breakfast,Free Wi-Fi,Paid parking,Pool,Restaurant,Room service,Kitchen,Full-service laundry,3935.0,https://www.agoda.com/search?text=Hotel%20Royal%20Heritage%20srinagar%20India
"The Montreal, Srinagar- Best Hotels/4 Star Hotels/Hotel Near Dal Lake/Hotel Near Mughal Garden",4.4,srinagar,Free breakfast,Free Wi-Fi,Free parking,Air conditioning,Restaurant,Room service,Airport shuttle,Full-service laundry,Accessible,5142.0,https://www.agoda.com/search?text=The%20Montreal%2C%20Srinagar-%20Best%20Hotels/4%20Star%20Hotels/Hotel%20Near%20Dal%20Lake/Hotel%20Near%20Mughal%20Garden%20srinagar%20India
Floating Heritage Group,3.9,srinagar,4-star hotel,Free breakfast,Free Wi-Fi,Free parking,Pool,Hot tub,Air conditioning,Pet-friendly,Fitness center,1344.0,https://www.agoda.com/search?text=Floating%20Heritage%20Group%20srinagar%20India
Hotel Kashmir Inn,3.9,srinagar,2-star hotel,Free Wi-Fi,Paid parking,Pool,Breakfast,Kitchen,Airport shuttle,Full-service laundry,Kid-friendly,826.0,https://www.agoda.com/search?text=Hotel%20Kashmir%20Inn%20srinagar%20India
Hotel Merlin Palace,4.8,srinagar,4-star hotel,Breakfast,Free Wi-Fi,Air conditioning,Air conditioning,Pet-friendly,Free Wi-Fi,Spa,Airport shuttle,1344.0,https://www.agoda.com/search?text=Hotel%20Merlin%20Palace%20srinagar%20India
Hotel Kashmir Hilltown,3.8,srinagar,3-star hotel,Free Wi-Fi,Paid parking,Pool,Kitchen,Full-service laundry,Kid-friendly,Fitness center,Restaurant,1700.0,https://www.agoda.com/search?text=Hotel%20Kashmir%20Hilltown%20srinagar%20India
Hotel Zaryab,4.7,srinagar,Free breakfast,Free Wi-Fi,Paid parking,Air conditioning,Restaurant,Room service,Kitchen,Full-service laundry,Accessible,5679.0,https://www.agoda.com/search?text=Hotel%20Zaryab%20srinagar%20India
Hotel Meridien,4.0,srinagar,3-star hotel,Free breakfast,Free Wi-Fi,Paid parking,Pool,Restaurant,Room service,Kitchen,Full-service laundry,3632.0,https://www.agoda.com/search?text=Hotel%20Meridien%20srinagar%20India
Hotel Lake Scene,3.4,srinagar,3-star hotel,Breakfast,Free Wi-Fi,Free parking,Smoke-free,Hot tub,Room service,No elevator,Spa,664.0,https://www.agoda.com/search?text=Hotel%20Lake%20Scene%20srinagar%20India
"The Orchard Retreat & Spa, Srinagar",4.3,srinagar,5-star hotel,Free breakfast,Free Wi-Fi,Free parking,Pool,Hot tub,Air conditioning,Fitness center,Spa,14172.0,https://www.agoda.com/search?text=The%20Orchard%20Retreat%20%26%20Spa%2C%20Srinagar%20srinagar%20India
Radisson Hotel Srinagar,4.1,srinagar,3-star hotel,Breakfast,Free Wi-Fi,Paid parking,Pool,Air conditioning,Spa,Restaurant,Room service,14160.0,https://www.agoda.com/search?text=Radisson%20Hotel%20Srinagar%20srinagar%20India
Centre Point,4.2,jamshedpur,4-star hotel,Free breakfast,Free Wi-Fi,Free parking,Pool,Air conditioning,Fitness center,Restaurant,Room service,4480.0,https://www.agoda.com/search?text=Centre%20Point%20jamshedpur%20India
Hotel Golden Heights - Best Hotel | Budget Hotel | Best Review Hotel in Jamshedpur,4.2,jamshedpur,Free Wi-Fi,Pool,Restaurant,Kitchen,Full-service laundry,Restaurant,Fitness center,Restaurant,Room service,1762.0,https://www.agoda.com/search?text=Hotel%20Golden%20Heights%20-%20Best%20Hotel%20%7C%20Budget%20Hotel%20%7C%20Best%20Review%20Hotel%20in%20Jamshedpur%20jamshedpur%20India
The Cruze,4.2,jamshedpur,Free breakfast,Free Wi-Fi,Pool,Free parking,Hot tub,Air conditioning,Kitchen,Full-service laundry,Spa,5664.0,https://www.agoda.com/search?text=The%20Cruze%20jamshedpur%20India
Hotel AB Palace - Top Budget & Luxury Hotels in Jamshedpur,4.0,jamshedpur,3-star hotel,Free breakfast,Paid parking,Air conditioning,Restaurant,Room service,Airport shuttle,Full-service laundry,Kid-friendly,1384.0,https://www.agoda.com/search?text=Hotel%20AB%20Palace%20-%20Top%20Budget%20%26%20Luxury%20Hotels%20in%20Jamshedpur%20jamshedpur%20India
The Bizton,4.5,jamshedpur,Free breakfast,Free Wi-Fi,Free parking,Pool,Air conditioning,Fitness center,Restaurant,Room service,Kitchen,5550.0,https://www.agoda.com/search?text=The%20Bizton%20jamshedpur%20India
Adarsh Guest House,4.5,jamshedpur,4-star hotel,Breakfast,Free Wi-Fi,Free parking,Pool,Air conditioning,Restaurant,Room service,Kitchen,448.0,https://www.agoda.com/search?text=Adarsh%20Guest%20House%20jamshedpur%20India
Ramada by Wyndham Jamshedpur,4.2,jamshedpur,3-star hotel,Free breakfast,Free Wi-Fi,Free parking,Pool,Hot tub,Air conditioning,Fitness center,Spa,5008.0,https://www.agoda.com/search?text=Ramada%20by%20Wyndham%20Jamshedpur%20jamshedpur%20India
The Onyx Hotel - Hotel in Jamshedpur,4.3,jamshedpur,3-star hotel,Free breakfast,Free Wi-Fi,Air conditioning,Restaurant,Room service,Airport shuttle,Full-service laundry,Kid-friendly,2284.0,https://www.agoda.com/search?text=The%20Onyx%20Hotel%20-%20Hotel%20in%20Jamshedpur%20jamshedpur%20India
Hotel Trax International,4.7,jamshedpur,Free breakfast,Free Wi-Fi,Free parking,Air conditioning,Bar,Restaurant,Room service,Airport shuttle,Full-service laundry,1972.0,https://www.agoda.com/search?text=Hotel%20Trax%20International%20jamshedpur%20India
The Altira Hotel,4.1,jamshedpur,3-star hotel,Breakfast,Free Wi-Fi,Paid parking,Air conditioning,Restaurant,Kitchen,Full-service laundry,Kid-friendly,1477.0,https://www.agoda.com/search?text=The%20Altira%20Hotel%20jamshedpur%20India
NOVANTA JAMSHEDPUR,4.4,jamshedpur,Free breakfast,Free Wi-Fi,Free parking,Air conditioning,Fitness center,Restaurant,Room service,Airport shuttle,Full-service laundry,6689.0,https://www.agoda.com/search?text=NOVANTA%20JAMSHEDPUR%20jamshedpur%20India
Ginger Jamshedpur,4.0,jamshedpur,3-star hotel,Free Wi-Fi,Paid parking,Air conditioning,Fitness center,Breakfast,Full-service laundry,Kid-friendly,Airport shuttle,3135.0,https://www.agoda.com/search?text=Ginger%20Jamshedpur%20jamshedpur%20India
"The Sonnet, Jamshedpur",4.3,jamshedpur,3-star hotel,Free breakfast,Free Wi-Fi,Free parking,Air conditioning,Fitness center,Bar,Restaurant,Room service,3554.0,https://www.agoda.com/search?text=The%20Sonnet%2C%20Jamshedpur%20jamshedpur%20India
HOTEL DS INTERNATIONAL & KALYANAM BANQUET HALL,4.1,jamshedpur,Free breakfast,Free Wi-Fi,Free parking,Air conditioning,Bar,Restaurant,Room service,Airport shuttle,Full-service laundry,2668.0,https://www.agoda.com/search?text=HOTEL%20DS%20INTERNATIONAL%20%26%20KALYANAM%20BANQUET%20HALL%20jamshedpur%20India
Madhuban Motel,4.0,jamshedpur,Free breakfast,Free Wi-Fi,Free parking,Air conditioning,Restaurant,Room service,Full-service laundry,Kid-friendly,Airport shuttle,2726.0,https://www.agoda.com/search?text=Madhuban%20Motel%20jamshedpur%20India
Capsule Pod Hotel,4.4,jamshedpur,3-star hotel,Free Wi-Fi,Free parking,Free parking,Air conditioning,Hot tub,Room service,Full-service laundry,Accessible,1073.0,https://www.agoda.com/search?text=Capsule%20Pod%20Hotel%20jamshedpur%20India
Hotel Chandra,4.1,jamshedpur,2-star hotel,Breakfast,Free Wi-Fi,Air conditioning,Room service,Full-service laundry,Business center,Kid-friendly,Smoke-free,729.0,https://www.agoda.com/search?text=Hotel%20Chandra%20jamshedpur%20India
Hotel Grand Residency,4.0,jamshedpur,Free breakfast,Free Wi-Fi,Pool,Restaurant,Room service,Kitchen,Full-service laundry,Full-service laundry,Accessible,2281.0,https://www.agoda.com/search?text=Hotel%20Grand%20Residency%20jamshedpur%20India
Treebo Trend Pal Comfort - Hotel in Jamshedpur,4.2,jamshedpur,3-star hotel,Free breakfast,Free Wi-Fi,Air conditioning,Restaurant,Room service,Airport shuttle,Full-service laundry,Kid-friendly,2142.0,https://www.agoda.com/search?text=Treebo%20Trend%20Pal%20Comfort%20-%20Hotel%20in%20Jamshedpur%20jamshedpur%20India
Gyani's Hotel,4.6,jamshedpur,Free breakfast,Free Wi-Fi,Free parking,Air conditioning,Restaurant,Room service,Full-service laundry,Accessible,Smoke-free,1779.0,https://www.agoda.com/search?text=Gyani%27s%20Hotel%20jamshedpur%20India
THE PRABHA INTERNATIONAL HOTEL & CATERERS,4.0,gwalior,Free breakfast,Free Wi-Fi,Free parking,Hot tub,Air conditioning,Restaurant,Room service,Airport shuttle,Full-service laundry,2158.0,https://www.agoda.com/search?text=THE%20PRABHA%20INTERNATIONAL%20HOTEL%20%26%20CATERERS%20gwalior%20India
Hotel Ambience,3.9,gwalior,3-star hotel,Free breakfast,Wi-Fi,Free parking,Pool,Air conditioning,Restaurant,Room service,Airport shuttle,2191.0,https://www.agoda.com/search?text=Hotel%20Ambience%20gwalior%20India
Hotel Solitaire Inn,3.9,gwalior,3-star hotel,Free breakfast,Free Wi-Fi,Free parking,Air conditioning,Room service,Full-service laundry,Kid-friendly,Smoke-free,1372.0,https://www.agoda.com/search?text=Hotel%20Solitaire%20Inn%20gwalior%20India
Radisson Gwalior,4.3,gwalior,5-star hotel,Breakfast,Free Wi-Fi,Free parking,Pool,Air conditioning,Fitness center,Bar,Restaurant,6160.0,https://www.agoda.com/search?text=Radisson%20Gwalior%20gwalior%20India
Hotel Countryside,3.1,gwalior,Free Wi-Fi,Paid parking,Pool,Air conditioning,Pool,Air conditioning,Kitchen,Kid-friendly,Bar,1230.0,https://www.agoda.com/search?text=Hotel%20Countryside%20gwalior%20India
The Empire Resort,4.3,gwalior,Free breakfast,Free Wi-Fi,Free parking,Air conditioning,Pet-friendly,Spa,Restaurant,Room service,Kitchen,2785.0,https://www.agoda.com/search?text=The%20Empire%20Resort%20gwalior%20India
Clarks Inn Suites Gwalior,4.4,gwalior,4-star hotel,Free breakfast,Wi-Fi,Free parking,Pool,Air conditioning,Fitness center,Spa,Restaurant,4280.0,https://www.agoda.com/search?text=Clarks%20Inn%20Suites%20Gwalior%20gwalior%20India
The Moziac Hotel,4.0,gwalior,Free breakfast,Free Wi-Fi,Paid parking,Air conditioning,Spa,Restaurant,Room service,Kitchen,Full-service laundry,2116.0,https://www.agoda.com/search?text=The%20Moziac%20Hotel%20gwalior%20India
"Taj Usha Kiran Palace, Gwalior",4.5,gwalior,5-star hotel,Free breakfast,Free Wi-Fi,Free parking,Pool,Air conditioning,Fitness center,Spa,Bar,20894.0,https://www.agoda.com/search?text=Taj%20Usha%20Kiran%20Palace%2C%20Gwalior%20gwalior%20India
Imperial Golf Resort and Wedding Lawns,4.5,gwalior,3-star hotel,Breakfast,Free Wi-Fi,Free parking,Air conditioning,Room service,Room service,Airport shuttle,Spa,12458.0,https://www.agoda.com/search?text=Imperial%20Golf%20Resort%20and%20Wedding%20Lawns%20gwalior%20India
Hotel Gold Inn,3.9,gwalior,Free Wi-Fi,Free parking,Restaurant,Room service,Kitchen,Full-service laundry,Smoke-free,Kid-friendly,Kid-friendly,2034.0,https://www.agoda.com/search?text=Hotel%20Gold%20Inn%20gwalior%20India
Hotel Ambience,3.9,gwalior,3-star hotel,Free breakfast,Wi-Fi,Free parking,Pool,Air conditioning,Restaurant,Room service,Airport shuttle,2191.0,https://www.agoda.com/search?text=Hotel%20Ambience%20gwalior%20India
Hotel Anand Palace,3.7,gwalior,3-star hotel,Breakfast,Free Wi-Fi,Air conditioning,Pet-friendly,Restaurant,Room service,Airport shuttle,Full-service laundry,1119.0,https://www.agoda.com/search?text=Hotel%20Anand%20Palace%20gwalior%20India
THE PRABHA INTERNATIONAL HOTEL & CATERERS,4.0,gwalior,Free breakfast,Free Wi-Fi,Free parking,Hot tub,Air conditioning,Restaurant,Room service,Airport shuttle,Full-service laundry,2116.0,https://www.agoda.com/search?text=THE%20PRABHA%20INTERNATIONAL%20HOTEL%20%26%20CATERERS%20gwalior%20India
Royal Sunrise Resort,3.9,gwalior,Free Wi-Fi,Paid parking,Pool,Kitchen,Full-service laundry,Air conditioning,Restaurant,Fitness center,Full-service laundry,3232.0,https://www.agoda.com/search?text=Royal%20Sunrise%20Resort%20gwalior%20India
Krishnam Guest House,4.0,gwalior,5-star hotel,Breakfast,Free Wi-Fi,Paid parking,Room service,Air conditioning,Kid-friendly,Full-service laundry,Bar,1115.0,https://www.agoda.com/search?text=Krishnam%20Guest%20House%20gwalior%20India
Hotel Centella,4.1,gwalior,Free breakfast,Free Wi-Fi,Free parking,Air conditioning,Restaurant,Room service,Full-service laundry,Smoke-free,Room service,2567.0,https://www.agoda.com/search?text=Hotel%20Centella%20gwalior%20India
Chaitanya Kalyan Guest House,3.7,gwalior,Free breakfast,Free breakfast,Wi-Fi,Free parking,Pool,Fitness center,Fitness center,Smoke-free,Room service,672.0,https://www.agoda.com/search?text=Chaitanya%20Kalyan%20Guest%20House%20gwalior%20India
Dera Haveli Heritage Homestay,4.3,gwalior,Free breakfast,Free Wi-Fi,Pool,Air conditioning,Restaurant,Room service,Full-service laundry,Kid-friendly,Smoke-free,4312.0,https://www.agoda.com/search?text=Dera%20Haveli%20Heritage%20Homestay%20gwalior%20India
Govind Niwas Home Stay,2.6,gwalior,2-star hotel,Free Wi-Fi,Air conditioning,Fireplace,Cable TV,Paid parking,Free Wi-Fi,No crib,No elevator,1304.0,https://www.agoda.com/search?text=Govind%20Niwas%20Home%20Stay%20gwalior%20India
Clarks Inn Suites Gwalior,4.4,gwalior,4-star hotel,Free breakfast,Wi-Fi,Free parking,Pool,Air conditioning,Fitness center,Spa,Restaurant,4622.0,https://www.agoda.com/search?text=Clarks%20Inn%20Suites%20Gwalior%20gwalior%20India
The Central Park Hotel,3.9,gwalior,4-star hotel,Free breakfast,Free Wi-Fi,Free parking,Pool,Air conditioning,Fitness center,Bar,Restaurant,5641.0,https://www.agoda.com/search?text=The%20Central%20Park%20Hotel%20gwalior%20India
Treebo Trend Baby Pearl,3.9,amravati,3-star hotel,Free breakfast,Free Wi-Fi,Paid parking,Pool,Air conditioning,Restaurant,Room service,Full-service laundry,1909.0,https://www.agoda.com/search?text=Treebo%20Trend%20Baby%20Pearl%20amravati%20India
Hotel Gouri Inn,3.9,amravati,3-star hotel,Free breakfast,Free Wi-Fi,Free parking,Air conditioning,Restaurant,Room service,Full-service laundry,Accessible,2225.0,https://www.agoda.com/search?text=Hotel%20Gouri%20Inn%20amravati%20India
Hotel Regency,4.1,amravati,3-star hotel,Free breakfast,Free parking,Wi-Fi,Room service,Full-service laundry,Kid-friendly,Smoke-free,Kid-friendly,969.0,https://www.agoda.com/search?text=Hotel%20Regency%20amravati%20India
The Grand Mehfil,4.3,amravati,4-star hotel,Free breakfast,Free Wi-Fi,Free parking,Pool,Air conditioning,Restaurant,Room service,Airport shuttle,4021.0,https://www.agoda.com/search?text=The%20Grand%20Mehfil%20amravati%20India
Maniratna Resort,4.0,amravati,5-star hotel,Breakfast,Free Wi-Fi,Paid parking,Pool,Free Wi-Fi,Full-service laundry,Kid-friendly,Airport shuttle,3588.0,https://www.agoda.com/search?text=Maniratna%20Resort%20amravati%20India
Hotel Rangoli Pearl,4.1,amravati,1-star hotel,Free breakfast,Free Wi-Fi,Paid parking,Pool,Air conditioning,Restaurant,Room service,Airport shuttle,3130.0,https://www.agoda.com/search?text=Hotel%20Rangoli%20Pearl%20amravati%20India
The Grand Mehfil,3.9,amravati,Free breakfast,Free breakfast,Wi-Fi,Free parking,Air conditioning,Air conditioning,Airport shuttle,Kid-friendly,Bar,3880.0,https://www.agoda.com/search?text=The%20Grand%20Mehfil%20amravati%20India
Hotel Gouri Inn,3.9,amravati,3-star hotel,Free breakfast,Free Wi-Fi,Free parking,Air conditioning,Restaurant,Room service,Full-service laundry,Accessible,1940.0,https://www.agoda.com/search?text=Hotel%20Gouri%20Inn%20amravati%20India
Empire Stay,4.5,amravati,Free breakfast,Free Wi-Fi,Free parking,Pool,Air conditioning,Restaurant,Room service,Kitchen,Airport shuttle,2808.0,https://www.agoda.com/search?text=Empire%20Stay%20amravati%20India
Hotel Four Season,3.5,amravati,3-star hotel,Free Wi-Fi,Paid parking,Free parking,Pet-friendly,Free parking,Air conditioning,Bar,Fitness center,2973.0,https://www.agoda.com/search?text=Hotel%20Four%20Season%20amravati%20India
The Prime Park,4.3,amravati,3-star hotel,Free breakfast,Paid parking,Paid parking,Pool,Room service,Air conditioning,Spa,Restaurant,3394.0,https://www.agoda.com/search?text=The%20Prime%20Park%20amravati%20India
Treebo Trend Baby Pearl,3.9,amravati,3-star hotel,Free breakfast,Free Wi-Fi,Paid parking,Pool,Air conditioning,Restaurant,Room service,Full-service laundry,1904.0,https://www.agoda.com/search?text=Treebo%20Trend%20Baby%20Pearl%20amravati%20India
Hotel Vandu International,4.0,amravati,3-star hotel,Free breakfast,Free Wi-Fi,Free parking,Air conditioning,Restaurant,Room service,Full-service laundry,Accessible,2526.0,https://www.agoda.com/search?text=Hotel%20Vandu%20International%20amravati%20India
Hotel Rajdhani,4.0,amravati,Free breakfast,Free Wi-Fi,Air conditioning,Pet-friendly,Airport shuttle,Full-service laundry,Kid-friendly,Restaurant,Airport shuttle,1568.0,https://www.agoda.com/search?text=Hotel%20Rajdhani%20amravati%20India
Hotel Excel Executive,3.8,amravati,3-star hotel,Free Wi-Fi,Free parking,Pool,Air conditioning,Pet-friendly,Restaurant,Room service,Kitchen,1830.0,https://www.agoda.com/search?text=Hotel%20Excel%20Executive%20amravati%20India
Hotel Regency,4.1,amravati,3-star hotel,Free breakfast,Free parking,Wi-Fi,Room service,Full-service laundry,Kid-friendly,Smoke-free,Restaurant,1276.0,https://www.agoda.com/search?text=Hotel%20Regency%20amravati%20India
Hotel Rangoli Pearl,4.1,amravati,1-star hotel,Free breakfast,Free Wi-Fi,Paid parking,Pool,Air conditioning,Restaurant,Room service,Airport shuttle,3130.0,https://www.agoda.com/search?text=Hotel%20Rangoli%20Pearl%20amravati%20India
"The Peerless Inn, Durgapur",4.0,durgapur,3-star hotel,Free breakfast,Free Wi-Fi,Free parking,Air conditioning,Fitness center,Restaurant,Room service,Kitchen,2589.0,https://www.agoda.com/search?text=The%20Peerless%20Inn%2C%20Durgapur%20durgapur%20India
The Citi Residenci Hotel,4.2,durgapur,Free breakfast,Free Wi-Fi,Free parking,Pool,Fitness center,Spa,Bar,Restaurant,Room service,2576.0,https://www.agoda.com/search?text=The%20Citi%20Residenci%20Hotel%20durgapur%20India
The Citi Residenci Hotel,4.2,durgapur,Free breakfast,Free Wi-Fi,Free parking,Pool,Fitness center,Spa,Bar,Restaurant,Room service,2473.0,https://www.agoda.com/search?text=The%20Citi%20Residenci%20Hotel%20durgapur%20India
"Fortune Park Pushpanjali, Durgapur - Member ITC's hotel group",4.6,durgapur,4-star hotel,Free breakfast,Free Wi-Fi,Free parking,Pool,Air conditioning,Fitness center,Spa,Bar,5881.0,https://www.agoda.com/search?text=Fortune%20Park%20Pushpanjali%2C%20Durgapur%20-%20Member%20ITC%27s%20hotel%20group%20durgapur%20India
HOTEL GALAXY INN,3.6,durgapur,3-star hotel,Breakfast,Free Wi-Fi,Free parking,Air conditioning,Room service,Airport shuttle,Full-service laundry,Kid-friendly,795.0,https://www.agoda.com/search?text=HOTEL%20GALAXY%20INN%20durgapur%20India
"The Peerless Inn, Durgapur",4.0,durgapur,3-star hotel,Free breakfast,Free Wi-Fi,Free parking,Air conditioning,Fitness center,Restaurant,Room service,Kitchen,2589.0,https://www.agoda.com/search?text=The%20Peerless%20Inn%2C%20Durgapur%20durgapur%20India
The Damodar Retreat,4.6,durgapur,Breakfast,Free Wi-Fi,Free parking,Air conditioning,Restaurant,Room service,Kitchen,Full-service laundry,Kid-friendly,2183.0,https://www.agoda.com/search?text=The%20Damodar%20Retreat%20durgapur%20India
Banerjee Inn- City Centre,4.1,durgapur,3-star hotel,Free breakfast,Wi-Fi,Pool,Air conditioning,Bar,Restaurant,Room service,Full-service laundry,1764.0,https://www.agoda.com/search?text=Banerjee%20Inn-%20City%20Centre%20durgapur%20India
City International Hotel,3.8,durgapur,3-star hotel,Free parking,Air conditioning,Restaurant,Airport shuttle,Full-service laundry,Kid-friendly,Full-service laundry,Restaurant,1518.0,https://www.agoda.com/search?text=City%20International%20Hotel%20durgapur%20India
Morvee Hotels Durgapur,4.4,durgapur,Free breakfast,Free Wi-Fi,Paid parking,Spa,Restaurant,Room service,Kitchen,Airport shuttle,Full-service laundry,2245.0,https://www.agoda.com/search?text=Morvee%20Hotels%20Durgapur%20durgapur%20India
Kalpana Inn,4.0,durgapur,3-star hotel,Free breakfast,Free Wi-Fi,Free parking,Pool,Air conditioning,Restaurant,Room service,Full-service laundry,1223.0,https://www.agoda.com/search?text=Kalpana%20Inn%20durgapur%20India
The Spices,4.0,durgapur,3-star hotel,Free breakfast,Free Wi-Fi,Pool,Air conditioning,Restaurant,Restaurant,Spa,Restaurant,1663.0,https://www.agoda.com/search?text=The%20Spices%20durgapur%20India
Hotel Steel Regency,3.6,durgapur,Free breakfast,Free Wi-Fi,Free parking,Air conditioning,Room service,Kitchen,Airport shuttle,Full-service laundry,Kid-friendly,1039.0,https://www.agoda.com/search?text=Hotel%20Steel%20Regency%20durgapur%20India
Hotel Astor,4.3,durgapur,Free breakfast,Free Wi-Fi,Paid parking,Pool,Restaurant,Room service,Kitchen,Full-service laundry,Business center,1992.0,https://www.agoda.com/search?text=Hotel%20Astor%20durgapur%20India
Park prime hotel,3.9,durgapur,3-star hotel,Free breakfast,Free Wi-Fi,Pool,Restaurant,Room service,Kitchen,Full-service laundry,No airport shuttle,2388.0,https://www.agoda.com/search?text=Park%20prime%20hotel%20durgapur%20India
OJAS HOTEL & RESORT,4.4,durgapur,Free breakfast,Free Wi-Fi,Free parking,Air conditioning,Bar,Restaurant,Room service,Airport shuttle,Full-service laundry,1985.0,https://www.agoda.com/search?text=OJAS%20HOTEL%20%26%20RESORT%20durgapur%20India
Kohinoor Hotel and Restaurant Benachity (A Legend since 1956),3.7,durgapur,Free breakfast,Free Wi-Fi,Free parking,Free parking,Pool,Free Wi-Fi,No crib,Bar,Airport shuttle,1280.0,https://www.agoda.com/search?text=Kohinoor%20Hotel%20and%20Restaurant%20Benachity%20%28A%20Legend%20since%201956%29%20durgapur%20India
Hotel ASTOR,4.5,durgapur,Free breakfast,Free Wi-Fi,Pool,Restaurant,Room service,Kitchen,Full-service laundry,Spa,Full-service laundry,2047.0,https://www.agoda.com/search?text=Hotel%20Astor%20durgapur%20India
Morvee Hotels Durgapur,4.4,durgapur,Free breakfast,Free Wi-Fi,Paid parking,Spa,Restaurant,Room service,Kitchen,Airport shuttle,Full-service laundry,2245.0,https://www.agoda.com/search?text=Morvee%20Hotels%20Durgapur%20durgapur%20India
OJAS HOTEL & RESORT,4.4,durgapur,Free breakfast,Free Wi-Fi,Free parking,Air conditioning,Bar,Restaurant,Room service,Airport shuttle,Full-service laundry,2046.0,https://www.agoda.com/search?text=OJAS%20HOTEL%20%26%20RESORT%20durgapur%20India
Treebo Trend Winsome Banquet And Resort,4.6,ranchi,Free breakfast,Free Wi-Fi,Paid parking,Pool,Restaurant,Room service,Kitchen,Full-service laundry,Business center,2304.0,https://www.agoda.com/search?text=Treebo%20Trend%20Winsome%20Banquet%20And%20Resort%20ranchi%20India
Treebo Trend Archie Regency,4.0,ranchi,3-star hotel,Free breakfast,Free Wi-Fi,Air conditioning,Restaurant,Room service,Full-service laundry,Kid-friendly,Spa,2205.0,https://www.agoda.com/search?text=Treebo%20Trend%20Archie%20Regency%20ranchi%20India
Radisson Blu Hotel Ranchi,4.5,ranchi,5-star hotel,Breakfast,Free Wi-Fi,Free parking,Pool,Hot tub,Air conditioning,Fitness center,Spa,8047.0,https://www.agoda.com/search?text=Radisson%20Blu%20Hotel%20Ranchi%20ranchi%20India
"FabHotel Accord - Hotel in Ranchi Railway Station, Ranchi",4.6,ranchi,Free breakfast,Free Wi-Fi,Pool,Air conditioning,Paid parking,Restaurant,Room service,Kid-friendly,Room service,2426.0,https://www.agoda.com/search?text=FabHotel%20Accord%20-%20Hotel%20in%20Ranchi%20Railway%20Station%2C%20Ranchi%20ranchi%20India
Park Prime Ranchi,4.0,ranchi,3-star hotel,Free breakfast,Free Wi-Fi,Free parking,Pool,Air conditioning,Pet-friendly,Fitness center,Spa,3931.0,https://www.agoda.com/search?text=Park%20Prime%20Ranchi%20ranchi%20India
Treebo Trend Winsome Banquet And Resort,4.6,ranchi,Free breakfast,Free Wi-Fi,Paid parking,Pool,Restaurant,Room service,Kitchen,Full-service laundry,Business center,2304.0,https://www.agoda.com/search?text=Treebo%20Trend%20Winsome%20Banquet%20And%20Resort%20ranchi%20India
Hotel Meera,4.2,ranchi,Free Wi-Fi,Pool,Air conditioning,Full-service laundry,Kid-friendly,Restaurant,Restaurant,Full-service laundry,Kitchen,645.0,https://www.agoda.com/search?text=Hotel%20Meera%20ranchi%20India
The Royal Retreat,4.2,ranchi,Free breakfast,Free Wi-Fi,Free parking,Pool,Air conditioning,Fitness center,Bar,Restaurant,Room service,4140.0,https://www.agoda.com/search?text=The%20Royal%20Retreat%20ranchi%20India
Maplewood Hotel,4.1,ranchi,3-star hotel,Free breakfast,Wi-Fi,Free parking,Air conditioning,Restaurant,Room service,Full-service laundry,Accessible,3121.0,https://www.agoda.com/search?text=Maplewood%20Hotel%20ranchi%20India
Hotel Kuber Palace,4.6,ranchi,1-star hotel,Free breakfast,Free Wi-Fi,Free parking,Pool,Air conditioning,Bar,Restaurant,Room service,1120.0,https://www.agoda.com/search?text=Hotel%20Kuber%20Palace%20ranchi%20India
Hotel Fountain,4.3,ranchi,3-star hotel,Free Wi-Fi,Paid parking,Free parking,Restaurant,No air conditioning,Room service,Room service,No elevator,1680.0,https://www.agoda.com/search?text=Hotel%20Fountain%20ranchi%20India
Samargarh Resorts and hotel,3.9,ranchi,Free breakfast,Free Wi-Fi,Paid parking,Pool,Air conditioning,Pet-friendly,Restaurant,Room service,Full-service laundry,2654.0,https://www.agoda.com/search?text=Samargarh%20Resorts%20and%20hotel%20ranchi%20India
The Cennet Ranchi,4.4,ranchi,Free breakfast,Free Wi-Fi,Paid parking,Pool,Restaurant,Room service,Kitchen,Full-service laundry,Spa,2160.0,https://www.agoda.com/search?text=The%20Cennet%20Ranchi%20ranchi%20India
Hotel Sohrai inn,4.5,ranchi,Free breakfast,Free Wi-Fi,Free parking,Pool,Air conditioning,Room service,Airport shuttle,Full-service laundry,Accessible,1317.0,https://www.agoda.com/search?text=Hotel%20Sohrai%20inn%20ranchi%20India
Chanakya BNR Hotel,4.4,ranchi,4-star hotel,Free breakfast,Free Wi-Fi,Free parking,Pool,Air conditioning,Fitness center,Restaurant,Room service,7116.0,https://www.agoda.com/search?text=Chanakya%20BNR%20Hotel%20ranchi%20India
"Hotel Green Horizon Station Road, Ranchi. 834001",4.2,ranchi,3-star hotel,Free breakfast,Free Wi-Fi,Paid parking,Pool,Fitness center,Restaurant,Room service,Full-service laundry,3087.0,https://www.agoda.com/search?text=Hotel%20Green%20Horizon%20Station%20Road%2C%20Ranchi.%20834001%20ranchi%20India
Capitol Hill,4.3,ranchi,4-star hotel,Free breakfast,Free Wi-Fi,Free parking,Air conditioning,Fitness center,Bar,Restaurant,Room service,6318.0,https://www.agoda.com/search?text=Capitol%20Hill%20ranchi%20India
Divisha The Bali Resort,4.9,ranchi,3-star hotel,Free breakfast,Wi-Fi,Paid parking,Pool,No beach access,Air conditioning,Full-service laundry,Smoke-free,840.0,https://www.agoda.com/search?text=Divisha%20The%20Bali%20Resort%20ranchi%20India
Divisha Hotel Marina,4.7,ranchi,Free breakfast,Free Wi-Fi,Paid parking,Pool,Air conditioning,Pet-friendly,Spa,Bar,Restaurant,1624.0,https://www.agoda.com/search?text=Divisha%20Hotel%20Marina%20ranchi%20India
"Le Lac Sarovar Portico, Ranchi",4.2,ranchi,4-star hotel,Free breakfast,Free Wi-Fi,Paid parking,Air conditioning,Fitness center,Bar,Restaurant,Room service,7056.0,https://www.agoda.com/search?text=Le%20Lac%20Sarovar%20Portico%2C%20Ranchi%20ranchi%20India
Hotel AVN Grand,4.2,ranchi,3-star hotel,Free breakfast,Free Wi-Fi,Paid parking,Air conditioning,Fitness center,Restaurant,Room service,Airport shuttle,5600.0,https://www.agoda.com/search?text=Hotel%20AVN%20Grand%20ranchi%20India
The Royal Retreat,4.2,ranchi,Free breakfast,Free Wi-Fi,Free parking,Pool,Air conditioning,Fitness center,Bar,Restaurant,Room service,4255.0,https://www.agoda.com/search?text=The%20Royal%20Retreat%20ranchi%20India
Treebo Trend Lalaji'S Executive,3.9,aurangabad,3-star hotel,Free breakfast,Free Wi-Fi,Paid parking,Pool,Air conditioning,Restaurant,Room service,Airport shuttle,2444.0,https://www.agoda.com/search?text=Treebo%20Trend%20Lalaji%27S%20Executive%20aurangabad%20India
Treebo Trend Admiral Suites,3.5,aurangabad,Free breakfast,Free Wi-Fi,Pool,Air conditioning,Room service,Kitchen,Full-service laundry,Fitness center,Airport shuttle,2451.0,https://www.agoda.com/search?text=Treebo%20Trend%20Admiral%20Suites%20aurangabad%20India
Zostel Aurangabad,4.4,aurangabad,Breakfast,Free Wi-Fi,Free parking,Air conditioning,Smoke-free,Air conditioning,Room service,Full-service laundry,Full-service laundry,1219.0,https://www.agoda.com/search?text=Zostel%20Aurangabad%20aurangabad%20India
MTDC Aurangabad Resort,3.8,aurangabad,Free breakfast,Paid parking,Pool,Restaurant,Kitchen,Airport shuttle,Full-service laundry,Kid-friendly,Kid-friendly,1680.0,https://www.agoda.com/search?text=MTDC%20Aurangabad%20Resort%20aurangabad%20India
Hotel Royal Regency,3.7,aurangabad,2-star hotel,Free Wi-Fi,Paid parking,Pool,Air conditioning,Restaurant,Room service,Kitchen,Full-service laundry,914.0,https://www.agoda.com/search?text=Hotel%20Royal%20Regency%20aurangabad%20India
Hotel Modi Samrat,4.3,aurangabad,2-star hotel,Breakfast,Free Wi-Fi,Free parking,Restaurant,Room service,Kitchen,Full-service laundry,Smoke-free,1263.0,https://www.agoda.com/search?text=Hotel%20Modi%20Samrat%20aurangabad%20India
Ginger Aurangabad,4.0,aurangabad,3-star hotel,Free Wi-Fi,Paid parking,Air conditioning,Fitness center,Breakfast,Full-service laundry,Kid-friendly,Full-service laundry,2799.0,https://www.agoda.com/search?text=Ginger%20Aurangabad%20aurangabad%20India
Hotel J P International,3.7,aurangabad,3-star hotel,Free breakfast,Free Wi-Fi,Free parking,Air conditioning,Restaurant,Room service,Airport shuttle,Full-service laundry,2513.0,https://www.agoda.com/search?text=Hotel%20J%20P%20International%20aurangabad%20India
Hotel Holiday Era Lodging,3.5,aurangabad,2-star hotel,Free breakfast,Wi-Fi,Paid parking,Air conditioning,Restaurant,Room service,Airport shuttle,Full-service laundry,871.0,https://www.agoda.com/search?text=Hotel%20Holiday%20Era%20Lodging%20aurangabad%20India
7 Apple Hotel - Aurangabad,4.0,aurangabad,3-star hotel,Free breakfast,Free Wi-Fi,Free parking,Air conditioning,Restaurant,Full-service laundry,Accessible,Kid-friendly,2244.0,https://www.agoda.com/search?text=7%20Apple%20Hotel%20-%20Aurangabad%20aurangabad%20India
Hotel Holiday Pride,4.2,aurangabad,3-star hotel,Free breakfast,Free Wi-Fi,Free parking,Full-service laundry,No beach access,Room service,Accessible,Accessible,1813.0,https://www.agoda.com/search?text=Hotel%20Holiday%20Pride%20aurangabad%20India
Hotel The Sky Court,3.9,aurangabad,3-star hotel,Free breakfast,Free Wi-Fi,Pool,Air conditioning,Restaurant,Room service,Airport shuttle,Full-service laundry,1836.0,https://www.agoda.com/search?text=Hotel%20The%20Sky%20Court%20aurangabad%20India
"Welcomhotel By ITC Hotels, Rama International, Aurangabad-Premium business & leisure hotel| Near Ajanta Ellora Caves",4.5,aurangabad,5-star hotel,Breakfast,Wi-Fi,Free parking,Pool,Air conditioning,Fitness center,Bar,Restaurant,9636.0,https://www.agoda.com/search?text=Welcomhotel%20By%20ITC%20Hotels%2C%20Rama%20International%2C%20Aurangabad-Premium%20business%20%26%20leisure%20hotel%7C%20Near%20Ajanta%20Ellora%20Caves%20aurangabad%20India
"Ambassador Ajanta Hotel, Aurangabad",4.2,aurangabad,3-star hotel,Breakfast,Free Wi-Fi,Free parking,Pool,Air conditioning,Fitness center,Spa,Bar,4322.0,https://www.agoda.com/search?text=Ambassador%20Ajanta%20Hotel%2C%20Aurangabad%20aurangabad%20India
"The Fern Residency, Aurangabad",4.1,aurangabad,4-star hotel,Free breakfast,Free Wi-Fi,Free parking,Pool,Air conditioning,Fitness center,Bar,Restaurant,4928.0,https://www.agoda.com/search?text=The%20Fern%20Residency%2C%20Aurangabad%20aurangabad%20India
Aurangabad Gymkhana Club Hotel,4.1,aurangabad,3-star hotel,Free breakfast,Free Wi-Fi,Free parking,Pool,Air conditioning,Fitness center,Spa,Bar,2573.0,https://www.agoda.com/search?text=Aurangabad%20Gymkhana%20Club%20Hotel%20aurangabad%20India
Hotel Grand Ecotel,4.2,aurangabad,Free breakfast,Free Wi-Fi,Paid parking,Pool,Air conditioning,Restaurant,Room service,Kitchen,Full-service laundry,2204.0,https://www.agoda.com/search?text=Hotel%20Grand%20Ecotel%20aurangabad%20India
Hotel kartiki,4.0,aurangabad,Free breakfast,Free Wi-Fi,Free parking,Air conditioning,Bar,Restaurant,Room service,Full-service laundry,Kid-friendly,1087.0,https://www.agoda.com/search?text=Hotel%20kartiki%20aurangabad%20India
Lemon Tree Hotel,4.2,aurangabad,4-star hotel,Free breakfast,Free Wi-Fi,Free parking,Pool,Air conditioning,Fitness center,Spa,Restaurant,6215.0,https://www.agoda.com/search?text=Lemon%20Tree%20Hotel%20aurangabad%20India
Enrise By Sayaji,4.2,aurangabad,3-star hotel,Free breakfast,Free Wi-Fi,Pool,Restaurant,Room service,Kitchen,Airport shuttle,Full-service laundry,3348.0,https://www.agoda.com/search?text=Enrise%20By%20Sayaji%20aurangabad%20India
The Manor Hotel,3.9,aurangabad,3-star hotel,Free breakfast,Free Wi-Fi,Paid parking,Pool,Air conditioning,Restaurant,Room service,Airport shuttle,2566.0,https://www.agoda.com/search?text=The%20Manor%20Hotel%20aurangabad%20India
Radhika Ex,3.9,aurangabad,Breakfast,Free Wi-Fi,Paid parking,Pool,Air conditioning,Kitchen,Kid-friendly,Smoke-free,Kid-friendly,2357.0,https://www.agoda.com/search?text=Radhika%20Ex%20aurangabad%20India
Novotel Ahmedabad,4.6,ahmedabad,5-star hotel,Breakfast,Free Wi-Fi,Free parking,Pool,Air conditioning,Pet-friendly,Fitness center,Spa,6042.0,https://www.agoda.com/search?text=Novotel%20Ahmedabad%20ahmedabad%20India
The Grand Bhagwati,4.3,ahmedabad,4-star hotel,Free breakfast,Free Wi-Fi,Paid parking,Air conditioning,Restaurant,Room service,Kitchen,Airport shuttle,4854.0,https://www.agoda.com/search?text=The%20Grand%20Bhagwati%20ahmedabad%20India
"Holiday Inn Express Ahmedabad Prahlad Nagar, an IHG Hotel",4.4,ahmedabad,Free breakfast,Free Wi-Fi,Free parking,Air conditioning,Fitness center,Restaurant,Room service,Airport shuttle,Accessible,4007.0,https://www.agoda.com/search?text=Holiday%20Inn%20Express%20Ahmedabad%20Prahlad%20Nagar%2C%20an%20IHG%20Hotel%20ahmedabad%20India
"Taj Skyline, Ahmedabad",4.5,ahmedabad,5-star hotel,Free breakfast,Free Wi-Fi,Free parking,Pool,Spa,Restaurant,Room service,Airport shuttle,8064.0,https://www.agoda.com/search?text=Taj%20Skyline%2C%20Ahmedabad%20ahmedabad%20India
Hyatt Regency Ahmedabad,4.4,ahmedabad,5-star hotel,Breakfast,Free Wi-Fi,Free parking,Pool,Air conditioning,Fitness center,Spa,Restaurant,6490.0,https://www.agoda.com/search?text=Hyatt%20Regency%20Ahmedabad%20ahmedabad%20India
"Welcomhotel By ITC Hotels, Ashram Road, Ahmedabad",4.6,ahmedabad,5-star hotel,Free breakfast,Free Wi-Fi,Free parking,Hot tub,Fitness center,Spa,Restaurant,Room service,5334.0,https://www.agoda.com/search?text=Welcomhotel%20By%20ITC%20Hotels%2C%20Ashram%20Road%2C%20Ahmedabad%20ahmedabad%20India
Hotel Eldorado,4.3,ahmedabad,3-star hotel,Free breakfast,Free Wi-Fi,Free parking,Pool,Hot tub,Air conditioning,Fitness center,Spa,3100.0,https://www.agoda.com/search?text=Hotel%20Eldorado%20ahmedabad%20India
Courtyard by Marriott Ahmedabad,4.4,ahmedabad,5-star hotel,Breakfast,Free Wi-Fi,Free parking,Pool,Hot tub,Air conditioning,Fitness center,Spa,7263.0,https://www.agoda.com/search?text=Courtyard%20by%20Marriott%20Ahmedabad%20ahmedabad%20India
"ITC Narmada, a Luxury Collection Hotel, Ahmedabad",4.6,ahmedabad,5-star hotel,Breakfast,Free Wi-Fi,Free parking,Pool,Air conditioning,Fitness center,Spa,Restaurant,11400.0,https://www.agoda.com/search?text=ITC%20Narmada%2C%20a%20Luxury%20Collection%20Hotel%2C%20Ahmedabad%20ahmedabad%20India
Novotel Ahmedabad,4.6,ahmedabad,5-star hotel,Breakfast,Free Wi-Fi,Free parking,Pool,Air conditioning,Pet-friendly,Fitness center,Spa,5913.0,https://www.agoda.com/search?text=Novotel%20Ahmedabad%20ahmedabad%20India
Hyatt Ahmedabad,4.5,ahmedabad,5-star hotel,Breakfast,Free Wi-Fi,Free parking,Pool,Air conditioning,Fitness center,Spa,Restaurant,5475.0,https://www.agoda.com/search?text=Hyatt%20Ahmedabad%20ahmedabad%20India
Ramada by Wyndham Ahmedabad,4.0,ahmedabad,4-star hotel,Free breakfast,Free Wi-Fi,Free parking,Air conditioning,Fitness center,Spa,Restaurant,Room service,4680.0,https://www.agoda.com/search?text=Ramada%20by%20Wyndham%20Ahmedabad%20ahmedabad%20India
Radhe Upavan Resort,4.4,ahmedabad,3-star hotel,Free breakfast,Free Wi-Fi,Free parking,Pool,Air conditioning,Fitness center,Restaurant,Room service,5206.0,https://www.agoda.com/search?text=Radhe%20Upavan%20Resort%20ahmedabad%20India
Agrasen Foundation,4.2,ahmedabad,1-star hotel,Free breakfast,Free Wi-Fi,Free parking,Air conditioning,Air conditioning,Fitness center,Full-service laundry,Restaurant,1765.0,https://www.agoda.com/search?text=Agrasen%20Foundation%20ahmedabad%20India
Aarya Grand Hotels & Resorts,4.2,ahmedabad,3-star hotel,Free breakfast,Wi-Fi,Free parking,Pool,Air conditioning,Restaurant,Room service,Airport shuttle,3091.0,https://www.agoda.com/search?text=Aarya%20Grand%20Hotels%20%26%20Resorts%20ahmedabad%20India
DoubleTree by Hilton Ahmedabad,4.5,ahmedabad,5-star hotel,Free breakfast,Free Wi-Fi,Free parking,Pool,Air conditioning,Fitness center,Spa,Restaurant,6182.0,https://www.agoda.com/search?text=DoubleTree%20by%20Hilton%20Ahmedabad%20ahmedabad%20India
"Fortune Select SG Highway, Ahmedabad - Member ITC's hotel group",4.3,ahmedabad,5-star hotel,Breakfast,Free Wi-Fi,Free parking,Air conditioning,Fitness center,Restaurant,Room service,Airport shuttle,4929.0,https://www.agoda.com/search?text=Fortune%20Select%20SG%20Highway%2C%20Ahmedabad%20-%20Member%20ITC%27s%20hotel%20group%20ahmedabad%20India
in&out AC Dormitory Ahmedabad,4.1,ahmedabad,1-star hotel,Free Wi-Fi,Paid parking,Pool,Restaurant,Airport shuttle,Full-service laundry,Spa,Kitchen,646.0,https://www.agoda.com/search?text=in%26out%20AC%20Dormitory%20Ahmedabad%20ahmedabad%20India
Tribecca Select,4.3,ahmedabad,3-star hotel,Free breakfast,Wi-Fi,Free parking,Air conditioning,Restaurant,Room service,Kitchen,Airport shuttle,2097.0,https://www.agoda.com/search?text=Tribecca%20Select%20ahmedabad%20India
BloomSuites | Ahmedabad,4.2,ahmedabad,4-star hotel,Free breakfast,Free Wi-Fi,Free parking,Pool,Air conditioning,Fitness center,Restaurant,Room service,4333.0,https://www.agoda.com/search?text=BloomSuites%20%7C%20Ahmedabad%20ahmedabad%20India
Deewanji Ni Haveli | Rooms & Restaurant,2.8,ahmedabad,5-star hotel,Free breakfast,Air conditioning,Fireplace,Paid parking,Free Wi-Fi,No crib,No elevator,No fitness center,5003.0,https://www.agoda.com/search?text=Deewanji%20Ni%20Haveli%20%7C%20Rooms%20%26%20Restaurant%20ahmedabad%20India
"Welcomhotel By ITC Hotels, Ashram Road, Ahmedabad",4.6,ahmedabad,5-star hotel,Free breakfast,Free Wi-Fi,Free parking,Hot tub,Fitness center,Spa,Restaurant,Room service,5543.0,https://www.agoda.com/search?text=Welcomhotel%20By%20ITC%20Hotels%2C%20Ashram%20Road%2C%20Ahmedabad%20ahmedabad%20India
Hyatt Regency Ahmedabad,4.4,ahmedabad,5-star hotel,Breakfast,Free Wi-Fi,Free parking,Pool,Air conditioning,Fitness center,Spa,Restaurant,6552.0,https://www.agoda.com/search?text=Hyatt%20Regency%20Ahmedabad%20ahmedabad%20India
"Holiday Inn Amritsar Ranjit Avenue, an IHG Hotel",4.4,amritsar,5-star hotel,Breakfast,Free Wi-Fi,Free parking,Pool,Air conditioning,Fitness center,Bar,Restaurant,6630.0,https://www.agoda.com/search?text=Holiday%20Inn%20Amritsar%20Ranjit%20Avenue%2C%20an%20IHG%20Hotel%20amritsar%20India
Regenta Central Amritsar,4.2,amritsar,5-star hotel,Free breakfast,Free Wi-Fi,Paid parking,Air conditioning,Fitness center,Spa,Bar,Restaurant,5599.0,https://www.agoda.com/search?text=Regenta%20Central%20Amritsar%20amritsar%20India
Fairfield by Marriott Amritsar,4.3,amritsar,4-star hotel,Free breakfast,Free Wi-Fi,Free parking,Pool,Air conditioning,Fitness center,Bar,Restaurant,5509.0,https://www.agoda.com/search?text=Fairfield%20by%20Marriott%20Amritsar%20amritsar%20India
Regenta Central Amritsar,4.2,amritsar,5-star hotel,Free breakfast,Free Wi-Fi,Paid parking,Air conditioning,Fitness center,Spa,Bar,Restaurant,4117.0,https://www.agoda.com/search?text=Regenta%20Central%20Amritsar%20amritsar%20India
Courtyard by Marriott Amritsar,4.4,amritsar,5-star hotel,Breakfast,Free Wi-Fi,Free parking,Pool,Air conditioning,Fitness center,Spa,Bar,6046.0,https://www.agoda.com/search?text=Courtyard%20by%20Marriott%20Amritsar%20amritsar%20India
Hyatt Regency Amritsar,4.3,amritsar,5-star hotel,Breakfast,Free Wi-Fi,Free parking,Air conditioning,Fitness center,Spa,Bar,Restaurant,8367.0,https://www.agoda.com/search?text=Hyatt%20Regency%20Amritsar%20amritsar%20India
Fabhotels - Hotel Le Golden,3.8,amritsar,Free breakfast,Free Wi-Fi,Paid parking,Pool,Air conditioning,Restaurant,Room service,Kitchen,Full-service laundry,1326.0,https://www.agoda.com/search?text=Fabhotels%20-%20Hotel%20Le%20Golden%20amritsar%20India
Regenta Place Amritsar,4.2,amritsar,4-star hotel,Free breakfast,Free Wi-Fi,Free parking,Pool,Air conditioning,Fitness center,Spa,Bar,4321.0,https://www.agoda.com/search?text=Regenta%20Place%20Amritsar%20amritsar%20India
Madpackers Amritsar,4.4,amritsar,Free Wi-Fi,Kitchen,Full-service laundry,Free parking,Restaurant,Air conditioning,Full-service laundry,Airport shuttle,Spa,732.0,https://www.agoda.com/search?text=Madpackers%20Amritsar%20amritsar%20India
"Taj Swarna, Amritsar",4.4,amritsar,5-star hotel,Free breakfast,Free Wi-Fi,Free parking,Pool,Hot tub,Air conditioning,Fitness center,Spa,11800.0,https://www.agoda.com/search?text=Taj%20Swarna%2C%20Amritsar%20amritsar%20India
Ramada by Wyndham Amritsar,4.3,amritsar,4-star hotel,Free breakfast,Free Wi-Fi,Paid parking,Pool,Air conditioning,Fitness center,Restaurant,Room service,6660.0,https://www.agoda.com/search?text=Ramada%20by%20Wyndham%20Amritsar%20amritsar%20India
Treehouse London Street Amritsar,4.1,amritsar,Free breakfast,Free Wi-Fi,Paid parking,Pool,Restaurant,Room service,Full-service laundry,Kid-friendly,Full-service laundry,2669.0,https://www.agoda.com/search?text=Treehouse%20London%20Street%20Amritsar%20amritsar%20India
HolidayVilla Amritsar,4.9,amritsar,4-star hotel,Free breakfast,Free Wi-Fi,Air conditioning,Room service,Kitchen,Full-service laundry,Kitchen,Bar,2455.0,https://www.agoda.com/search?text=HolidayVilla%20Amritsar%20amritsar%20India
"Holiday Inn Amritsar Ranjit Avenue, an IHG Hotel",4.4,amritsar,5-star hotel,Breakfast,Free Wi-Fi,Free parking,Pool,Air conditioning,Fitness center,Bar,Restaurant,5991.0,https://www.agoda.com/search?text=Holiday%20Inn%20Amritsar%20Ranjit%20Avenue%2C%20an%20IHG%20Hotel%20amritsar%20India
Hotel Amritsar International,4.0,amritsar,3-star hotel,Free breakfast,Wi-Fi,Pool,Air conditioning,Restaurant,Room service,Full-service laundry,Kid-friendly,1900.0,https://www.agoda.com/search?text=Hotel%20Amritsar%20International%20amritsar%20India
Hotel Anchit - Walking Distance To Golden Temple,4.4,amritsar,Breakfast,Free Wi-Fi,Pool,Air conditioning,Room service,Full-service laundry,Smoke-free,Spa,Room service,1176.0,https://www.agoda.com/search?text=Hotel%20Anchit%20-%20Walking%20Distance%20To%20Golden%20Temple%20amritsar%20India
Amritsar Grand Hotel By Levelup Hotels,4.8,amritsar,Free breakfast,Free Wi-Fi,Paid parking,Pool,Air conditioning,Pet-friendly,Restaurant,Room service,Airport shuttle,2306.0,https://www.agoda.com/search?text=Amritsar%20Grand%20Hotel%20By%20Levelup%20Hotels%20amritsar%20India
BR Grand Amritsar,4.4,amritsar,Free Wi-Fi,Paid parking,Pool,Restaurant,Room service,Kitchen,Full-service laundry,No beach access,Kitchen,2326.0,https://www.agoda.com/search?text=BR%20Grand%20Amritsar%20amritsar%20India
"Serenity Bangla, Amritsar",4.2,amritsar,4-star hotel,Wi-Fi,Air conditioning,Fireplace,Kitchen,Free parking,Free Wi-Fi,No crib,No elevator,2485.0,https://www.agoda.com/search?text=Serenity%20Bangla%2C%20Amritsar%20amritsar%20India
The Landmark Amritsar : Near Golden Temple,4.3,amritsar,3-star hotel,Free breakfast,Free Wi-Fi,Free parking,Air conditioning,Restaurant,Room service,Full-service laundry,Business center,3581.0,https://www.agoda.com/search?text=The%20Landmark%20Amritsar%20%3A%20Near%20Golden%20Temple%20amritsar%20India
Hotel Sapphire Opposite Golden Temple,4.1,amritsar,3-star hotel,Breakfast,Free Wi-Fi,Paid parking,Air conditioning,Restaurant,Room service,Airport shuttle,Full-service laundry,2246.0,https://www.agoda.com/search?text=Hotel%20Sapphire%20Opposite%20Golden%20Temple%20amritsar%20India
Shine Star By Tag Your Trip Near Golden Temple,3.8,amritsar,House,Breakfast,Air conditioning,Air conditioning,Fireplace,Kitchen,Cable TV,Paid parking,Free Wi-Fi,820.0,https://www.agoda.com/search?text=Shine%20Star%20By%20Tag%20Your%20Trip%20Near%20Golden%20Temple%20amritsar%20India
Amritsar Grand Hotel By Levelup Hotels,4.8,amritsar,Free breakfast,Free Wi-Fi,Paid parking,Pool,Air conditioning,Pet-friendly,Restaurant,Room service,Airport shuttle,2999.0,https://www.agoda.com/search?text=Amritsar%20Grand%20Hotel%20By%20Levelup%20Hotels%20amritsar%20India
Fairfield by Marriott Amritsar,4.3,amritsar,4-star hotel,Free breakfast,Free Wi-Fi,Free parking,Pool,Air conditioning,Fitness center,Bar,Restaurant,6047.0,https://www.agoda.com/search?text=Fairfield%20by%20Marriott%20Amritsar%20amritsar%20India
Hotel Nagpal REGENCY,3.9,ludhiana,3-star hotel,Breakfast,Wi-Fi,Free parking,Air conditioning,Bar,Restaurant,Room service,Airport shuttle,2666.0,https://www.agoda.com/search?text=Hotel%20Nagpal%20REGENCY%20ludhiana%20India
Hotel Gulmor - Hotel in Ludhiana,4.0,ludhiana,3-star hotel,Free breakfast,Free Wi-Fi,Free parking,Pool,Air conditioning,Restaurant,Room service,Full-service laundry,2472.0,https://www.agoda.com/search?text=Hotel%20Gulmor%20-%20Hotel%20in%20Ludhiana%20ludhiana%20India
"Radisson Blu Hotel, Ludhiana",4.4,ludhiana,5-star hotel,Breakfast,Free Wi-Fi,Free parking,Pool,Air conditioning,Fitness center,Spa,Bar,7602.0,https://www.agoda.com/search?text=Radisson%20Blu%20Hotel%2C%20Ludhiana%20ludhiana%20India
Hotel Brown,3.5,ludhiana,3-star hotel,Breakfast,Free Wi-Fi,Paid parking,Pool,Air conditioning,Kitchen,Full-service laundry,Airport shuttle,903.0,https://www.agoda.com/search?text=Hotel%20Brown%20ludhiana%20India
Clarks Inn Express Ludhiana,4.7,ludhiana,Free Wi-Fi,Paid parking,Pool,Room service,Kitchen,Full-service laundry,Pet-friendly,Business center,Kid-friendly,3948.0,https://www.agoda.com/search?text=Clarks%20Inn%20Express%20Ludhiana%20ludhiana%20India
Hotel Gulmor - Hotel in Ludhiana,4.0,ludhiana,3-star hotel,Free breakfast,Free Wi-Fi,Free parking,Pool,Air conditioning,Restaurant,Room service,Full-service laundry,3058.0,https://www.agoda.com/search?text=Hotel%20Gulmor%20-%20Hotel%20in%20Ludhiana%20ludhiana%20India
Keys Select Ludhiana - By Lemon Tree Hotels,3.9,ludhiana,3-star hotel,Free breakfast,Wi-Fi,Free parking,Air conditioning,Fitness center,Bar,Restaurant,Room service,3078.0,https://www.agoda.com/search?text=Keys%20Select%20Ludhiana%20-%20By%20Lemon%20Tree%20Hotels%20ludhiana%20India
Hotel Ludhiana Regency,4.2,ludhiana,Breakfast,Free Wi-Fi,Free parking,Bar,Restaurant,Room service,Kitchen,Full-service laundry,Kid-friendly,1562.0,https://www.agoda.com/search?text=Hotel%20Ludhiana%20Regency%20ludhiana%20India
Regenta Central Klassik,4.3,ludhiana,4-star hotel,Free breakfast,Free Wi-Fi,Paid parking,Pool,Air conditioning,Fitness center,Spa,Bar,4941.0,https://www.agoda.com/search?text=Regenta%20Central%20Klassik%20ludhiana%20India
The Palm Court,4.3,ludhiana,4-star hotel,Free breakfast,Free Wi-Fi,Free parking,Air conditioning,Bar,Restaurant,Room service,Full-service laundry,4326.0,https://www.agoda.com/search?text=The%20Palm%20Court%20ludhiana%20India
Hotel Maharaja Regency,4.4,ludhiana,3-star hotel,Free breakfast,Wi-Fi,Paid parking,Pool,Air conditioning,Bar,Restaurant,Room service,4792.0,https://www.agoda.com/search?text=Hotel%20Maharaja%20Regency%20ludhiana%20India
Hotel The Retro Regency,4.4,ludhiana,Breakfast,Free Wi-Fi,Paid parking,Air conditioning,Restaurant,Room service,Full-service laundry,Smoke-free,Accessible,1679.0,https://www.agoda.com/search?text=Hotel%20The%20Retro%20Regency%20ludhiana%20India
Hotel Kohinoor Palace & Banquets,3.9,ludhiana,3-star hotel,Free breakfast,Free Wi-Fi,Free parking,Air conditioning,Restaurant,Room service,Airport shuttle,Full-service laundry,1905.0,https://www.agoda.com/search?text=Hotel%20Kohinoor%20Palace%20%26%20Banquets%20ludhiana%20India
Park Plaza Ludhiana,4.2,ludhiana,5-star hotel,Breakfast,Free Wi-Fi,Paid parking,Pool,Air conditioning,Fitness center,Spa,Bar,8057.0,https://www.agoda.com/search?text=Park%20Plaza%20Ludhiana%20ludhiana%20India
Leo Fort Hotel,3.9,ludhiana,Free breakfast,Wi-Fi,Air conditioning,Restaurant,Room service,Kitchen,Full-service laundry,Kid-friendly,Full-service laundry,2735.0,https://www.agoda.com/search?text=Leo%20Fort%20Hotel%20ludhiana%20India
Hotel NAT GRAND REGENCY,5.0,ludhiana,Breakfast,Free Wi-Fi,Free parking,Air conditioning,Bar,Restaurant,Room service,Full-service laundry,Accessible,2912.0,https://www.agoda.com/search?text=Hotel%20NAT%20GRAND%20REGENCY%20ludhiana%20India
AAGAAZ Hotel,4.4,ludhiana,Free breakfast,Free Wi-Fi,Free parking,Pool,Air conditioning,Restaurant,Room service,Full-service laundry,Accessible,2615.0,https://www.agoda.com/search?text=AAGAAZ%20Hotel%20ludhiana%20India
Grand Marian Hotel,4.1,ludhiana,3-star hotel,Free breakfast,Free Wi-Fi,Free parking,Air conditioning,Fitness center,Restaurant,Room service,Airport shuttle,2995.0,https://www.agoda.com/search?text=Grand%20Marian%20Hotel%20ludhiana%20India
Hyatt Regency Ludhiana,4.4,ludhiana,5-star hotel,Breakfast,Free Wi-Fi,Free parking,Pool,Air conditioning,Fitness center,Bar,Restaurant,11266.0,https://www.agoda.com/search?text=Hyatt%20Regency%20Ludhiana%20ludhiana%20India
Itsy By Treebo - P Grand,4.0,ludhiana,Free breakfast,Free Wi-Fi,Air conditioning,Room service,Kitchen,Full-service laundry,Kid-friendly,Airport shuttle,Full-service laundry,1733.0,https://www.agoda.com/search?text=Itsy%20By%20Treebo%20-%20P%20Grand%20ludhiana%20India
The Stories,4.0,ludhiana,Free breakfast,Free Wi-Fi,Free parking,Pool,Restaurant,Room service,Kitchen,Full-service laundry,Accessible,3359.0,https://www.agoda.com/search?text=The%20Stories%20ludhiana%20India
Hotel Hyphen Premier,4.2,meerut,3-star hotel,Free breakfast,Free Wi-Fi,Free parking,Air conditioning,Restaurant,Room service,Full-service laundry,Accessible,2094.0,https://www.agoda.com/search?text=Hotel%20Hyphen%20Premier%20meerut%20India
CAPITAL O74359 Hotel Mukut Mahal,3.7,meerut,3-star hotel,Free breakfast,Free Wi-Fi,Free parking,Air conditioning,Pet-friendly,Room service,Full-service laundry,Kid-friendly,1370.0,https://www.agoda.com/search?text=CAPITAL%20O74359%20Hotel%20Mukut%20Mahal%20meerut%20India
Hotel travel inn,3.6,meerut,3-star hotel,Free Wi-Fi,Paid parking,Pool,Air conditioning,Kitchen,Full-service laundry,Fitness center,Room service,815.0,https://www.agoda.com/search?text=Hotel%20travel%20inn%20meerut%20India
Hotel DownTown,4.1,meerut,Free Wi-Fi,Pool,Kitchen,Full-service laundry,Smoke-free,Restaurant,Fitness center,Spa,Spa,947.0,https://www.agoda.com/search?text=Hotel%20DownTown%20meerut%20India
Garden City Resorts | Rooms & Restaurant,3.8,meerut,5-star hotel,Free breakfast,Air conditioning,Elevator,Fireplace,Cable TV,Paid parking,No crib,No fitness center,3220.0,https://www.agoda.com/search?text=Garden%20City%20Resorts%20%7C%20Rooms%20%26%20Restaurant%20meerut%20India
Hotel Hyphen Premier,4.2,meerut,3-star hotel,Free breakfast,Free Wi-Fi,Free parking,Air conditioning,Restaurant,Room service,Full-service laundry,Accessible,2010.0,https://www.agoda.com/search?text=Hotel%20Hyphen%20Premier%20meerut%20India
Crystal Palace,3.9,meerut,3-star hotel,Free breakfast,Free Wi-Fi,Paid parking,Air conditioning,Bar,Restaurant,Room service,Airport shuttle,2673.0,https://www.agoda.com/search?text=Crystal%20Palace%20meerut%20India
CAPITAL O74359 Hotel Mukut Mahal,3.7,meerut,3-star hotel,Free breakfast,Free Wi-Fi,Free parking,Air conditioning,Pet-friendly,Room service,Full-service laundry,Kid-friendly,674.0,https://www.agoda.com/search?text=CAPITAL%20O74359%20Hotel%20Mukut%20Mahal%20meerut%20India
The Grand Alora | Best Family Restaurent in Meerut,4.7,meerut,3-star hotel,Free breakfast,Free Wi-Fi,Elevator,Pool,Air conditioning,Fitness center,Kitchen,Kid-friendly,2492.0,https://www.agoda.com/search?text=The%20Grand%20Alora%20%7C%20Best%20Family%20Restaurent%20in%20Meerut%20meerut%20India
Hotel Green Embassy (Rooms and Restaurant),4.1,meerut,3-star hotel,Free breakfast,Free Wi-Fi,Pool,Air conditioning,Room service,Full-service laundry,Airport shuttle,Spa,1814.0,https://www.agoda.com/search?text=Hotel%20Green%20Embassy%20%28Rooms%20and%20Restaurant%29%20meerut%20India
-,3.9,meerut,Free Wi-Fi,Paid parking,Air conditioning,Kitchen,Full-service laundry,Full-service laundry,Restaurant,Kitchen,Room service,4680.0,https://www.agoda.com/search?text=-%20meerut%20India
Hotel Samrat Heavens,3.6,meerut,3-star hotel,Free breakfast,Free Wi-Fi,Free parking,Air conditioning,Pet-friendly,Bar,Restaurant,Room service,2289.0,https://www.agoda.com/search?text=Hotel%20Samrat%20Heavens%20meerut%20India
TIVOLI IMPERIAL RESORT,4.1,meerut,3-star hotel,Free Wi-Fi,Air conditioning,Air conditioning,Beach access,Air conditioning,Fitness center,Spa,Kid-friendly,1803.0,https://www.agoda.com/search?text=TIVOLI%20IMPERIAL%20RESORT%20meerut%20India
3rd Milestone,4.4,meerut,4-star hotel,Free breakfast,Free Wi-Fi,Free parking,Pool,Bar,Kitchen,No fireplace,Kid-friendly,2870.0,https://www.agoda.com/search?text=3rd%20Milestone%20meerut%20India
Green Serene Abode,4.9,meerut,Breakfast,Free Wi-Fi,Free parking,Air conditioning,Pet-friendly,Room service,Airport shuttle,Accessible,Kid-friendly,2652.0,https://www.agoda.com/search?text=Green%20Serene%20Abode%20meerut%20India
Crystal Palace,3.9,meerut,3-star hotel,Free breakfast,Free Wi-Fi,Paid parking,Air conditioning,Bar,Restaurant,Room service,Airport shuttle,2923.0,https://www.agoda.com/search?text=Crystal%20Palace%20meerut%20India
Hotel Samrat Heavens,3.6,meerut,3-star hotel,Free breakfast,Free Wi-Fi,Free parking,Air conditioning,Pet-friendly,Bar,Restaurant,Room service,2298.0,https://www.agoda.com/search?text=Hotel%20Samrat%20Heavens%20meerut%20India
Grand Mercure Vadodara Surya Palace,4.4,vadodara,5-star hotel,Breakfast,Free Wi-Fi,Free parking,Pool,Air conditioning,Fitness center,Spa,Restaurant,4237.0,https://www.agoda.com/search?text=Grand%20Mercure%20Vadodara%20Surya%20Palace%20vadodara%20India
"The Fern - An Ecotel Hotel, Vadodara",4.2,vadodara,4-star hotel,Free breakfast,Free Wi-Fi,Free parking,Air conditioning,Fitness center,Restaurant,Room service,Airport shuttle,4535.0,https://www.agoda.com/search?text=The%20Fern%20-%20An%20Ecotel%20Hotel%2C%20Vadodara%20vadodara%20India
Courtyard by Marriott Vadodara,4.5,vadodara,5-star hotel,Breakfast,Free Wi-Fi,Free parking,Pool,Air conditioning,Fitness center,Spa,Restaurant,3920.0,https://www.agoda.com/search?text=Courtyard%20by%20Marriott%20Vadodara%20vadodara%20India
Shagun Residency,3.5,vadodara,4-star hotel,Free breakfast,Free Wi-Fi,Air conditioning,Restaurant,Room service,Full-service laundry,Kid-friendly,Room service,835.0,https://www.agoda.com/search?text=Shagun%20Residency%20vadodara%20India
Agrawal bhavan guest house,3.5,vadodara,2-star hotel,Free Wi-Fi,Free parking,Pool,Full-service laundry,Room service,Bar,Room service,Spa,657.0,https://www.agoda.com/search?text=Agrawal%20bhavan%20guest%20house%20vadodara%20India
Grand Mercure Vadodara Surya Palace,4.4,vadodara,5-star hotel,Breakfast,Free Wi-Fi,Free parking,Pool,Air conditioning,Fitness center,Spa,Restaurant,3770.0,https://www.agoda.com/search?text=Grand%20Mercure%20Vadodara%20Surya%20Palace%20vadodara%20India
Hotel Royal Vadodara,3.4,vadodara,2-star hotel,Breakfast,Paid parking,Pool,Air conditioning,Restaurant,Room service,Kitchen,Full-service laundry,883.0,https://www.agoda.com/search?text=Hotel%20Royal%20Vadodara%20vadodara%20India
Four Points by Sheraton Vadodara,4.2,vadodara,4-star hotel,Breakfast,Free Wi-Fi,Free parking,Pool,Air conditioning,Fitness center,Restaurant,Room service,3919.0,https://www.agoda.com/search?text=Four%20Points%20by%20Sheraton%20Vadodara%20vadodara%20India
Best Western Alkapuri,4.0,vadodara,3-star hotel,Free breakfast,Free Wi-Fi,Free parking,Air conditioning,Fitness center,Restaurant,Room service,Airport shuttle,1529.0,https://www.agoda.com/search?text=Best%20Western%20Alkapuri%20vadodara%20India
Hotel Ideal vadodara,3.9,vadodara,3-star hotel,Free Wi-Fi,Air conditioning,Room service,Kitchen,Full-service laundry,Kid-friendly,Restaurant,Full-service laundry,876.0,https://www.agoda.com/search?text=Hotel%20Ideal%20vadodara%20vadodara%20India
Kabir Hotel and Spa,4.4,vadodara,3-star hotel,Free breakfast,Free Wi-Fi,Free parking,Pool,Air conditioning,Fitness center,Spa,Restaurant,3240.0,https://www.agoda.com/search?text=Kabir%20Hotel%20and%20Spa%20vadodara%20India
Effotel By Sayaji Vadodara,4.4,vadodara,3-star hotel,Free breakfast,Free Wi-Fi,Free parking,Air conditioning,Fitness center,Restaurant,Room service,Airport shuttle,2874.0,https://www.agoda.com/search?text=Effotel%20By%20Sayaji%20Vadodara%20vadodara%20India
Regenta Inn Vadodara,4.0,vadodara,3-star hotel,Free breakfast,Wi-Fi,Free parking,Air conditioning,Fitness center,Spa,Restaurant,Room service,2352.0,https://www.agoda.com/search?text=Regenta%20Inn%20Vadodara%20vadodara%20India
Sayaji Hotel Vadodara,4.4,vadodara,5-star hotel,Free breakfast,Free Wi-Fi,Free parking,Pool,Air conditioning,Fitness center,Spa,Restaurant,4659.0,https://www.agoda.com/search?text=Sayaji%20Hotel%20Vadodara%20vadodara%20India
Royal Orchid Central,4.2,vadodara,4-star hotel,Free breakfast,Free Wi-Fi,Free parking,Pool,Air conditioning,Fitness center,Restaurant,Room service,3031.0,https://www.agoda.com/search?text=Royal%20Orchid%20Central%20vadodara%20India
7 Apple Hotel - Vadodara,4.4,vadodara,3-star hotel,Free breakfast,Wi-Fi,Free parking,Air conditioning,Restaurant,Room service,Airport shuttle,Accessible,1352.0,https://www.agoda.com/search?text=7%20Apple%20Hotel%20-%20Vadodara%20vadodara%20India
Hotel Express Residency,4.2,vadodara,4-star hotel,Free breakfast,Free Wi-Fi,Free parking,Air conditioning,Fitness center,Restaurant,Room service,Airport shuttle,3106.0,https://www.agoda.com/search?text=Hotel%20Express%20Residency%20vadodara%20India
Comfort Inn Donil,3.8,vadodara,3-star hotel,Free breakfast,Free Wi-Fi,Free parking,Pool,Air conditioning,Pet-friendly,Fitness center,Restaurant,2179.0,https://www.agoda.com/search?text=Comfort%20Inn%20Donil%20vadodara%20India
Vivanta Vadodara,4.4,vadodara,5-star hotel,Free breakfast,Free Wi-Fi,Free parking,Pool,Air conditioning,Fitness center,Spa,Restaurant,8476.0,https://www.agoda.com/search?text=Vivanta%20Vadodara%20vadodara%20India
Ginger Vadodara,3.9,vadodara,3-star hotel,Free Wi-Fi,Paid parking,Air conditioning,Fitness center,Breakfast,Full-service laundry,Kid-friendly,No elevator,2462.0,https://www.agoda.com/search?text=Ginger%20Vadodara%20vadodara%20India
Four Points by Sheraton Vadodara,4.2,vadodara,4-star hotel,Breakfast,Free Wi-Fi,Free parking,Pool,Air conditioning,Fitness center,Restaurant,Room service,3920.0,https://www.agoda.com/search?text=Four%20Points%20by%20Sheraton%20Vadodara%20vadodara%20India
Hotel Casa Vadodara (Treebo Trend Casa),3.9,vadodara,3-star hotel,Free breakfast,Free Wi-Fi,Free parking,Air conditioning,Restaurant,Room service,Airport shuttle,Full-service laundry,2400.0,https://www.agoda.com/search?text=Hotel%20Casa%20Vadodara%20%28Treebo%20Trend%20Casa%29%20vadodara%20India
Treebo Trip Kiran - Hotel in Raipur,4.0,raipur,3-star hotel,Free breakfast,Free Wi-Fi,Paid parking,Pool,Air conditioning,Restaurant,Room service,Airport shuttle,2675.0,https://www.agoda.com/search?text=Treebo%20Trip%20Kiran%20-%20Hotel%20in%20Raipur%20raipur%20India
The Downton Hotel,4.0,raipur,Free breakfast,Free Wi-Fi,Free parking,Air conditioning,Fitness center,Bar,Restaurant,Room service,Airport shuttle,3301.0,https://www.agoda.com/search?text=The%20Downton%20Hotel%20raipur%20India
Hotel Meera,3.8,raipur,3-star hotel,Free breakfast,Free Wi-Fi,Paid parking,Pool,Air conditioning,Restaurant,Room service,Kitchen,959.0,https://www.agoda.com/search?text=Hotel%20Meera%20raipur%20India
"Tulip Arena | Hotel, Club & Events by SGL |",4.6,raipur,Free breakfast,Free Wi-Fi,Free parking,Pool,Air conditioning,Fitness center,Restaurant,Room service,Kitchen,2586.0,https://www.agoda.com/search?text=Tulip%20Arena%20%7C%20Hotel%2C%20Club%20%26%20Events%20by%20SGL%20%7C%20raipur%20India
Le Roi Raipur Hotel,4.1,raipur,3-star hotel,Free breakfast,Free Wi-Fi,Free parking,Air conditioning,Restaurant,Room service,Airport shuttle,Full-service laundry,1789.0,https://www.agoda.com/search?text=Le%20Roi%20Raipur%20Hotel%20raipur%20India
Club Paraiso,4.3,raipur,3-star hotel,Breakfast,Free Wi-Fi,Free parking,Pool,Air conditioning,Fitness center,Spa,Restaurant,2564.0,https://www.agoda.com/search?text=Club%20Paraiso%20raipur%20India
Aloha City Stay,4.0,raipur,2-star hotel,Free breakfast,Wi-Fi,Paid parking,Air conditioning,Restaurant,Room service,Airport shuttle,Full-service laundry,808.0,https://www.agoda.com/search?text=Aloha%20City%20Stay%20raipur%20India
Hotel Shivam Residency,3.9,raipur,Breakfast,Free Wi-Fi,Paid parking,Pool,Air conditioning,Room service,Kitchen,Airport shuttle,Full-service laundry,1291.0,https://www.agoda.com/search?text=Hotel%20Shivam%20Residency%20raipur%20India
"Hotel Singhania Sarovar Portico,Raipur",4.1,raipur,4-star hotel,Free breakfast,Wi-Fi,Free parking,Pool,Air conditioning,Fitness center,Spa,Bar,4032.0,https://www.agoda.com/search?text=Hotel%20Singhania%20Sarovar%20Portico%2CRaipur%20raipur%20India
Hyatt Raipur,4.3,raipur,5-star hotel,Breakfast,Free Wi-Fi,Free parking,Air conditioning,Fitness center,Bar,Restaurant,Room service,6188.0,https://www.agoda.com/search?text=Hyatt%20Raipur%20raipur%20India
Sayaji Hotel Raipur,4.3,raipur,4-star hotel,Free breakfast,Free Wi-Fi,Paid parking,Pool,Air conditioning,Fitness center,Bar,Restaurant,4381.0,https://www.agoda.com/search?text=Sayaji%20Hotel%20Raipur%20raipur%20India
Shri Shiva Palace,3.7,raipur,3-star hotel,Air conditioning,Kitchen,Airport shuttle,Full-service laundry,Kid-friendly,Air conditioning,Room service,No elevator,736.0,https://www.agoda.com/search?text=Shri%20Shiva%20Palace%20raipur%20India
Citrus Prime Raipur,4.2,raipur,3-star hotel,Free breakfast,Free Wi-Fi,Free parking,Air conditioning,Restaurant,Room service,Full-service laundry,Kid-friendly,2544.0,https://www.agoda.com/search?text=Citrus%20Prime%20Raipur%20raipur%20India
Hotel Vennington Court,4.0,raipur,4-star hotel,Breakfast,Free Wi-Fi,Free parking,Pool,Hot tub,Air conditioning,Fitness center,Spa,3297.0,https://www.agoda.com/search?text=Hotel%20Vennington%20Court%20raipur%20India
"Babylon International, Raipur",4.1,raipur,4-star hotel,Free breakfast,Free Wi-Fi,Free parking,Pool,Restaurant,Room service,Kitchen,Airport shuttle,3977.0,https://www.agoda.com/search?text=Babylon%20International%2C%20Raipur%20raipur%20India
Hotel Grand Canyon,3.9,raipur,4-star hotel,Breakfast,Free Wi-Fi,Free parking,Pool,Hot tub,Air conditioning,Fitness center,Spa,4479.0,https://www.agoda.com/search?text=Hotel%20Grand%20Canyon%20raipur%20India
"Babylon Capital, Raipur",4.2,raipur,Breakfast,Free Wi-Fi,Free parking,Pool,Air conditioning,Spa,Restaurant,Room service,Full-service laundry,4875.0,https://www.agoda.com/search?text=Babylon%20Capital%2C%20Raipur%20raipur%20India
Hotel Trimurti Inn,3.8,raipur,3-star hotel,Free breakfast,Free Wi-Fi,Paid parking,Pool,Air conditioning,Restaurant,Kitchen,Full-service laundry,659.0,https://www.agoda.com/search?text=Hotel%20Trimurti%20Inn%20raipur%20India
Hotel Punjab Palace,4.0,raipur,3-star hotel,Free breakfast,Wi-Fi,Air conditioning,Restaurant,Room service,Airport shuttle,Full-service laundry,Kid-friendly,1583.0,https://www.agoda.com/search?text=Hotel%20Punjab%20Palace%20raipur%20India
Hotel Shanti Home,3.4,raipur,3-star hotel,Free Wi-Fi,Paid parking,Pool,Air conditioning,Restaurant,Room service,Kitchen,Full-service laundry,1391.0,https://www.agoda.com/search?text=Hotel%20Shanti%20Home%20raipur%20India
Hotel Vennington Court,4.0,raipur,4-star hotel,Breakfast,Free Wi-Fi,Free parking,Pool,Hot tub,Air conditioning,Fitness center,Spa,3297.0,https://www.agoda.com/search?text=Hotel%20Vennington%20Court%20raipur%20India
Hotel Simran,4.0,raipur,3-star hotel,Free breakfast,Free Wi-Fi,Free parking,Air conditioning,Bar,Restaurant,Room service,Airport shuttle,1764.0,https://www.agoda.com/search?text=Hotel%20Simran%20raipur%20India
Treebo Trend C Plaza - MG Road Vijayawada,4.3,vijayawada,3-star hotel,Free breakfast,Free Wi-Fi,Free parking,Air conditioning,Restaurant,Room service,Kitchen,Full-service laundry,2235.0,https://www.agoda.com/search?text=Treebo%20Trend%20C%20Plaza%20-%20MG%20Road%20Vijayawada%20vijayawada%20India
Treebo Trend Alankar Inn,3.7,vijayawada,3-star hotel,Free breakfast,Free Wi-Fi,Paid parking,Air conditioning,Restaurant,Room service,Full-service laundry,Business center,2769.0,https://www.agoda.com/search?text=Treebo%20Trend%20Alankar%20Inn%20vijayawada%20India
Hotel Sree Vasudev,4.2,vijayawada,Free Wi-Fi,Pool,Air conditioning,Room service,Kitchen,Airport shuttle,Full-service laundry,Accessible,Restaurant,491.0,https://www.agoda.com/search?text=Hotel%20Sree%20Vasudev%20vijayawada%20India
Hotel Kosala,4.3,vijayawada,3-star hotel,Free breakfast,Free Wi-Fi,Free parking,Air conditioning,Restaurant,Room service,Kitchen,Full-service laundry,1460.0,https://www.agoda.com/search?text=Hotel%20Kosala%20vijayawada%20India
"Lemon Tree Premier,Vijayawada",4.4,vijayawada,Free breakfast,Free Wi-Fi,Free parking,Pool,Fitness center,Spa,Restaurant,Room service,Kitchen,4949.0,https://www.agoda.com/search?text=Lemon%20Tree%20Premier%2CVijayawada%20vijayawada%20India
Hotel Mamata,3.5,vijayawada,3-star hotel,Free breakfast,Free Wi-Fi,Paid parking,Air conditioning,Restaurant,Room service,Airport shuttle,Full-service laundry,944.0,https://www.agoda.com/search?text=Hotel%20Mamata%20vijayawada%20India
Mango Hotels Vybrant,4.1,vijayawada,3-star hotel,Free breakfast,Wi-Fi,Free parking,Pool,Air conditioning,Restaurant,Room service,Kitchen,2486.0,https://www.agoda.com/search?text=Mango%20Hotels%20Vybrant%20vijayawada%20India
New Continental Park Hotel,3.9,vijayawada,3-star hotel,Free breakfast,Free Wi-Fi,Free parking,Air conditioning,Restaurant,Room service,Full-service laundry,Accessible,2100.0,https://www.agoda.com/search?text=New%20Continental%20Park%20Hotel%20vijayawada%20India
"Red Fox Hotel, Vijayawada",4.0,vijayawada,Free breakfast,Wi-Fi,Free parking,Air conditioning,Restaurant,Room service,Kitchen,Airport shuttle,Full-service laundry,3149.0,https://www.agoda.com/search?text=Red%20Fox%20Hotel%2C%20Vijayawada%20vijayawada%20India
"PARK IRIS HOTELS, Vijayawada",4.0,vijayawada,Free breakfast,Free Wi-Fi,Paid parking,Pool,Restaurant,Full-service laundry,Spa,Room service,Full-service laundry,2023.0,https://www.agoda.com/search?text=PARK%20IRIS%20HOTELS%2C%20Vijayawada%20vijayawada%20India
The Eden Park Boutique Hotel,4.4,vijayawada,Free breakfast,Free Wi-Fi,Free parking,Air conditioning,Restaurant,Room service,Airport shuttle,Full-service laundry,Accessible,1995.0,https://www.agoda.com/search?text=The%20Eden%20Park%20Boutique%20Hotel%20vijayawada%20India
Hotel Sai Rama,4.4,vijayawada,Free breakfast,Free Wi-Fi,Paid parking,Pool,Air conditioning,Room service,Kitchen,Full-service laundry,Kid-friendly,1188.0,https://www.agoda.com/search?text=Hotel%20Sai%20Rama%20vijayawada%20India
Hotel Minerva Grand Vijayawada,4.0,vijayawada,4-star hotel,Free breakfast,Wi-Fi,Paid parking,Air conditioning,Restaurant,Room service,Airport shuttle,Full-service laundry,3126.0,https://www.agoda.com/search?text=Hotel%20Minerva%20Grand%20Vijayawada%20vijayawada%20India
Vishnu Paradise,4.1,vijayawada,Breakfast,Free Wi-Fi,Free parking,Air conditioning,Pet-friendly,Restaurant,Room service,Kitchen,Airport shuttle,1519.0,https://www.agoda.com/search?text=Vishnu%20Paradise%20vijayawada%20India
Hotel Aira,4.1,vijayawada,3-star hotel,Free breakfast,Free Wi-Fi,Free parking,Air conditioning,Restaurant,Room service,Full-service laundry,Accessible,2704.0,https://www.agoda.com/search?text=Hotel%20Aira%20vijayawada%20India
"Vivanta Vijayawada, MG Road",4.3,vijayawada,5-star hotel,Free breakfast,Free Wi-Fi,Free parking,Pool,Air conditioning,Fitness center,Spa,Bar,6600.0,https://www.agoda.com/search?text=Vivanta%20Vijayawada%2C%20MG%20Road%20vijayawada%20India
Hotel Manorama,4.0,vijayawada,3-star hotel,Free breakfast,Free Wi-Fi,Free parking,Air conditioning,Bar,Restaurant,Room service,Airport shuttle,3299.0,https://www.agoda.com/search?text=Hotel%20Manorama%20vijayawada%20India
Haian - An Olive Tree Hotel - Hotel in Vijayawada,3.8,vijayawada,Free breakfast,Free Wi-Fi,Paid parking,Pool,Air conditioning,Restaurant,Room service,Kitchen,Full-service laundry,1901.0,https://www.agoda.com/search?text=Haian%20-%20An%20Olive%20Tree%20Hotel%20-%20Hotel%20in%20Vijayawada%20vijayawada%20India
Hotel SK Riverfront,4.2,vijayawada,Breakfast,Free Wi-Fi,Free parking,Air conditioning,Restaurant,Room service,Full-service laundry,Smoke-free,Kitchen,1533.0,https://www.agoda.com/search?text=Hotel%20SK%20Riverfront%20vijayawada%20India
Treebo Trend Arka Vijayawada,4.5,vijayawada,Free breakfast,Free Wi-Fi,Paid parking,Pool,Room service,Kitchen,Full-service laundry,Business center,Bar,2044.0,https://www.agoda.com/search?text=Treebo%20Trend%20Arka%20Vijayawada%20vijayawada%20India
Hotel Park N,3.9,vijayawada,3-star hotel,Free breakfast,Free Wi-Fi,Paid parking,Air conditioning,Restaurant,Room service,Airport shuttle,Full-service laundry,2776.0,https://www.agoda.com/search?text=Hotel%20Park%20N%20vijayawada%20India
Ibis Coimbatore City Centre,4.4,coimbatore,3-star hotel,Free breakfast,Free Wi-Fi,Free parking,Air conditioning,Pet-friendly,Fitness center,Restaurant,Room service,3472.0,https://www.agoda.com/search?text=Ibis%20Coimbatore%20City%20Centre%20coimbatore%20India
Hash Six Hotels,4.2,coimbatore,4-star hotel,Free breakfast,Wi-Fi,Free parking,Pool,Air conditioning,Pet-friendly,Fitness center,Spa,3213.0,https://www.agoda.com/search?text=Hash%20Six%20Hotels%20coimbatore%20India
Hotel Grand Palace,4.0,coimbatore,3-star hotel,Free Wi-Fi,Free parking,Air conditioning,Breakfast,Restaurant,Room service,Airport shuttle,Full-service laundry,1310.0,https://www.agoda.com/search?text=Hotel%20Grand%20Palace%20coimbatore%20India
Holiday Residency,4.4,coimbatore,3-star hotel,Free breakfast,Free Wi-Fi,Free parking,Pool,Air conditioning,Fitness center,Bar,Restaurant,2874.0,https://www.agoda.com/search?text=Holiday%20Residency%20coimbatore%20India
IVY Residency,4.4,coimbatore,Free Wi-Fi,Free parking,Air conditioning,Air conditioning,Restaurant,Air conditioning,Full-service laundry,Spa,Kid-friendly,1316.0,https://www.agoda.com/search?text=IVY%20Residency%20coimbatore%20India
"Crystal Lake Suites, Coimbatore",4.7,coimbatore,Free breakfast,Free Wi-Fi,Free parking,Air conditioning,Restaurant,Room service,Kitchen,Full-service laundry,Accessible,1806.0,https://www.agoda.com/search?text=Crystal%20Lake%20Suites%2C%20Coimbatore%20coimbatore%20India
Sugam Hotel Pvt Ltd,3.2,coimbatore,2-star hotel,Free breakfast,Free Wi-Fi,Room service,Full-service laundry,Kid-friendly,Kid-friendly,Spa,Restaurant,650.0,https://www.agoda.com/search?text=Sugam%20Hotel%20Pvt%20Ltd%20coimbatore%20India
Hotel Lovely Nest,4.0,coimbatore,Breakfast,Wi-Fi,Free parking,Air conditioning,Pet-friendly,Kitchen,Airport shuttle,Full-service laundry,Kid-friendly,894.0,https://www.agoda.com/search?text=Hotel%20Lovely%20Nest%20coimbatore%20India
HOTEL RAAMUS,3.6,coimbatore,1-star hotel,Free breakfast,Wi-Fi,Free parking,Air conditioning,Pet-friendly,Restaurant,Room service,Full-service laundry,968.0,https://www.agoda.com/search?text=HOTEL%20RAAMUS%20coimbatore%20India
Hotel Thaai Coimbatore - Opposite Railway Station,3.9,coimbatore,3-star hotel,Free breakfast,Free Wi-Fi,Air conditioning,Restaurant,Room service,Airport shuttle,Full-service laundry,Kid-friendly,1568.0,https://www.agoda.com/search?text=Hotel%20Thaai%20Coimbatore%20-%20Opposite%20Railway%20Station%20coimbatore%20India
Hotel Vintage Castle,4.4,coimbatore,Free Wi-Fi,Free parking,Air conditioning,Room service,Airport shuttle,Full-service laundry,Accessible,Business center,Restaurant,1592.0,https://www.agoda.com/search?text=Hotel%20Vintage%20Castle%20coimbatore%20India
Hotel Kooloth Lake View Residency,3.5,coimbatore,2-star hotel,Free breakfast,Free Wi-Fi,Air conditioning,Room service,Full-service laundry,Kid-friendly,Spa,Bar,881.0,https://www.agoda.com/search?text=Hotel%20Kooloth%20Lake%20View%20Residency%20coimbatore%20India
iStay - Hotels in Coimbatore,4.3,coimbatore,3-star hotel,Free breakfast,Free Wi-Fi,Free parking,Air conditioning,Restaurant,Room service,Full-service laundry,Kid-friendly,2502.0,https://www.agoda.com/search?text=iStay%20-%20Hotels%20in%20Coimbatore%20coimbatore%20India
Ibis Coimbatore City Centre,4.4,coimbatore,3-star hotel,Free breakfast,Free Wi-Fi,Free parking,Air conditioning,Pet-friendly,Fitness center,Restaurant,Room service,3437.0,https://www.agoda.com/search?text=Ibis%20Coimbatore%20City%20Centre%20coimbatore%20India
Hotel Chanma International,3.4,coimbatore,3-star hotel,Free breakfast,Free Wi-Fi,Free parking,Pool,Air conditioning,Fitness center,Restaurant,Room service,1082.0,https://www.agoda.com/search?text=Hotel%20Chanma%20International%20coimbatore%20India
Chetinaad Courtyard,4.1,coimbatore,3-star hotel,Free breakfast,Free Wi-Fi,Paid parking,Air conditioning,Restaurant,Room service,Full-service laundry,Kid-friendly,2500.0,https://www.agoda.com/search?text=Chetinaad%20Courtyard%20coimbatore%20India
"Welcomhotel By ITC Hotels, Race Course, Coimbatore- LEED® Platinum and Zero Carbon Certified Premium Hotel| Centrally located",4.5,coimbatore,5-star hotel,Wi-Fi,Free parking,Pool,Air conditioning,Fitness center,Spa,Bar,Restaurant,5695.0,https://www.agoda.com/search?text=Welcomhotel%20By%20ITC%20Hotels%2C%20Race%20Course%2C%20Coimbatore-%20LEED%C2%AE%20Platinum%20and%20Zero%20Carbon%20Certified%20Premium%20Hotel%7C%20Centrally%20located%20coimbatore%20India
"HOTEL VIJAY PARK INN, RAMNAGAR, COIMBATORE, TAMILNADU",4.1,coimbatore,3-star hotel,Free breakfast,Free Wi-Fi,Free parking,Air conditioning,Bar,Restaurant,Room service,Full-service laundry,2177.0,https://www.agoda.com/search?text=HOTEL%20VIJAY%20PARK%20INN%2C%20RAMNAGAR%2C%20COIMBATORE%2C%20TAMILNADU%20coimbatore%20India
"FabHotel Jansi Deluxe - Hotel in Gandhipuram, Coimbatore",3.2,coimbatore,3-star hotel,Free breakfast,Free Wi-Fi,Paid parking,Air conditioning,Room service,Kitchen,Full-service laundry,Kid-friendly,1411.0,https://www.agoda.com/search?text=FabHotel%20Jansi%20Deluxe%20-%20Hotel%20in%20Gandhipuram%2C%20Coimbatore%20coimbatore%20India
Plaza Inn,4.0,coimbatore,3-star hotel,Free breakfast,Free Wi-Fi,Free parking,Air conditioning,Restaurant,Room service,Airport shuttle,Full-service laundry,1646.0,https://www.agoda.com/search?text=Plaza%20Inn%20coimbatore%20India
IKON by Annapoorna,4.5,coimbatore,4-star hotel,Free breakfast,Free Wi-Fi,Free parking,Air conditioning,Fitness center,Bar,Restaurant,Room service,4278.0,https://www.agoda.com/search?text=IKON%20by%20Annapoorna%20coimbatore%20India
Itsy By Treebo - Corner stay,3.8,coimbatore,3-star hotel,Free breakfast,Free Wi-Fi,Paid parking,Air conditioning,Room service,Kitchen,Full-service laundry,Kid-friendly,2453.0,https://www.agoda.com/search?text=Itsy%20By%20Treebo%20-%20Corner%20stay%20coimbatore%20India
Hotel The Grand Palace,4.1,ghaziabad,Free breakfast,Free Wi-Fi,Free parking,Pool,Air conditioning,Pet-friendly,Fitness center,Spa,Room service,2132.0,https://www.agoda.com/search?text=Hotel%20The%20Grand%20Palace%20ghaziabad%20India
The Roseman Hotel & Suites,4.3,ghaziabad,Breakfast,Free Wi-Fi,Free parking,Pool,Air conditioning,Restaurant,Room service,Kitchen,Airport shuttle,2727.0,https://www.agoda.com/search?text=The%20Roseman%20Hotel%20%26%20Suites%20ghaziabad%20India
Taj Studios - Luxury Stay in Gaur City Mall (1st time in Greate Noida West),3.1,ghaziabad,Free breakfast,Free breakfast,Air conditioning,Elevator,Fireplace,Kitchen,Cable TV,Paid parking,Free Wi-Fi,2335.0,https://www.agoda.com/search?text=Taj%20Studios%20-%20Luxury%20Stay%20in%20Gaur%20City%20Mall%20%281st%20time%20in%20Greate%20Noida%20West%29%20ghaziabad%20India
Mahagun Sarovar Portico Suites,4.1,ghaziabad,4-star hotel,Free breakfast,Free Wi-Fi,Free parking,Pool,Air conditioning,Fitness center,Spa,Restaurant,5040.0,https://www.agoda.com/search?text=Mahagun%20Sarovar%20Portico%20Suites%20ghaziabad%20India
Swiss Hotel,3.7,ghaziabad,3-star hotel,Free breakfast,Paid parking,Pool,Restaurant,Room service,Full-service laundry,Kid-friendly,Airport shuttle,1519.0,https://www.agoda.com/search?text=Swiss%20Hotel%20ghaziabad%20India
The Roseman Hotel & Suites,4.3,ghaziabad,Breakfast,Free Wi-Fi,Free parking,Pool,Air conditioning,Restaurant,Room service,Kitchen,Airport shuttle,2426.0,https://www.agoda.com/search?text=The%20Roseman%20Hotel%20%26%20Suites%20ghaziabad%20India
Hotel Royal Park,3.6,ghaziabad,3-star hotel,Free breakfast,Free Wi-Fi,Free parking,Pool,Air conditioning,Bar,Restaurant,Room service,2258.0,https://www.agoda.com/search?text=Hotel%20Royal%20Park%20ghaziabad%20India
"Country Inn & Suites by Radisson, Sahibabad, Distt Ghaziabad (U.P.)",4.5,ghaziabad,5-star hotel,Free breakfast,Free Wi-Fi,Free parking,Pool,Hot tub,Air conditioning,Fitness center,Spa,8439.0,https://www.agoda.com/search?text=Country%20Inn%20%26%20Suites%20by%20Radisson%2C%20Sahibabad%2C%20Distt%20Ghaziabad%20%28U.P.%29%20ghaziabad%20India
"Luxury Stay in Mall with PVR, Shopper Stop, Lifestyle, Food Court With All Brands",2.6,ghaziabad,5-star hotel,Free breakfast,Air conditioning,Elevator,Fireplace,Kitchen,Paid parking,Free Wi-Fi,No crib,2237.0,https://www.agoda.com/search?text=Luxury%20Stay%20in%20Mall%20with%20PVR%2C%20Shopper%20Stop%2C%20Lifestyle%2C%20Food%20Court%20With%20All%20Brands%20ghaziabad%20India
Green Palms Hotel,4.1,ghaziabad,Free breakfast,Free Wi-Fi,Paid parking,Pool,Bar,Restaurant,Room service,Kitchen,Full-service laundry,4023.0,https://www.agoda.com/search?text=Green%20Palms%20Hotel%20ghaziabad%20India
Hotel Krishna Sagar NH 24,3.7,ghaziabad,3-star hotel,Free breakfast,Free Wi-Fi,Free parking,Pool,Air conditioning,Restaurant,Room service,Full-service laundry,2170.0,https://www.agoda.com/search?text=Hotel%20Krishna%20Sagar%20NH%2024%20ghaziabad%20India
Golden Tulip Vasundhara,4.1,ghaziabad,4-star hotel,Breakfast,Free Wi-Fi,Free parking,Pool,Air conditioning,Fitness center,Restaurant,Room service,7370.0,https://www.agoda.com/search?text=Golden%20Tulip%20Vasundhara%20ghaziabad%20India
Kinsfolk,4.0,ghaziabad,Free breakfast,Free Wi-Fi,Paid parking,Pool,Room service,Kitchen,Full-service laundry,Kitchen,Room service,1275.0,https://www.agoda.com/search?text=Kinsfolk%20ghaziabad%20India
Rosellia Banquets & Suites,4.5,ghaziabad,Free breakfast,Free Wi-Fi,Free parking,Air conditioning,Kitchen,Beach access,Full-service laundry,Fitness center,Kid-friendly,1904.0,https://www.agoda.com/search?text=Rosellia%20Banquets%20%26%20Suites%20ghaziabad%20India
Hotel frank Inn,3.6,ghaziabad,3-star hotel,Free Wi-Fi,Paid parking,Pool,Air conditioning,Kitchen,Full-service laundry,Kid-friendly,Room service,651.0,https://www.agoda.com/search?text=Hotel%20frank%20Inn%20ghaziabad%20India
Hotel Royal Residency,3.6,ghaziabad,3-star hotel,Free Wi-Fi,Paid parking,Air conditioning,Restaurant,Room service,Kitchen,Airport shuttle,Full-service laundry,1600.0,https://www.agoda.com/search?text=Hotel%20Royal%20Residency%20ghaziabad%20India
Clarks Inn Kaushambi,3.2,ghaziabad,3-star hotel,Free breakfast,Free Wi-Fi,Paid parking,Air conditioning,Restaurant,Room service,Full-service laundry,Kid-friendly,1791.0,https://www.agoda.com/search?text=Clarks%20Inn%20Kaushambi%20ghaziabad%20India
Ace Manor (L'ELEGANT Hotel & Banquet),3.8,ghaziabad,3-star hotel,Free breakfast,Free Wi-Fi,Free parking,Pool,Air conditioning,Restaurant,Room service,Full-service laundry,1906.0,https://www.agoda.com/search?text=Ace%20Manor%20%28L%27ELEGANT%20Hotel%20%26%20Banquet%29%20ghaziabad%20India
Hotel The Grand Palace,4.1,ghaziabad,Free breakfast,Free Wi-Fi,Free parking,Pool,Air conditioning,Pet-friendly,Fitness center,Spa,Room service,2131.0,https://www.agoda.com/search?text=Hotel%20The%20Grand%20Palace%20ghaziabad%20India
Hotel Krishna Sagar,4.0,ghaziabad,3-star hotel,Free breakfast,Free Wi-Fi,Free parking,Pool,Air conditioning,Restaurant,Room service,Full-service laundry,3819.0,https://www.agoda.com/search?text=Hotel%20Krishna%20Sagar%20ghaziabad%20India
Bharat Guest House by Golden Plate,4.2,ghaziabad,Free breakfast,Free breakfast,Free Wi-Fi,Wheelchair accessible,Pool,Restaurant,Room service,Fitness center,No fitness center,2464.0,https://www.agoda.com/search?text=Bharat%20Guest%20House%20by%20Golden%20Plate%20ghaziabad%20India
Itsy by Treebo - Royal Galaxy,4.0,allahabad,Free breakfast,Free Wi-Fi,Paid parking,Pool,Pet-friendly,Room service,Kitchen,Full-service laundry,Airport shuttle,1342.0,https://www.agoda.com/search?text=Itsy%20by%20Treebo%20-%20Royal%20Galaxy%20allahabad%20India
Hotel Ravisha Continental,4.0,allahabad,3-star hotel,Free breakfast,Free Wi-Fi,Free parking,Air conditioning,Restaurant,Room service,Full-service laundry,Kid-friendly,3486.0,https://www.agoda.com/search?text=Hotel%20Ravisha%20Continental%20allahabad%20India
Hotel Triveni Darshan,4.1,allahabad,3-star hotel,Free breakfast,Free Wi-Fi,Free parking,Air conditioning,Restaurant,Room service,Kitchen,Full-service laundry,1429.0,https://www.agoda.com/search?text=Hotel%20Triveni%20Darshan%20allahabad%20India
The Prayaraj House,3.0,allahabad,3-star hotel,Free breakfast,Air conditioning,Fireplace,Cable TV,Paid parking,No crib,No elevator,No fitness center,1216.0,https://www.agoda.com/search?text=The%20Prayaraj%20House%20allahabad%20India
Hotel Prayag,3.5,allahabad,3-star hotel,Free breakfast,Free Wi-Fi,Free parking,Pool,Air conditioning,Restaurant,Room service,Kitchen,1680.0,https://www.agoda.com/search?text=Hotel%20Prayag%20allahabad%20India
Grand Continental Hotel,4.1,allahabad,3-star hotel,Breakfast,Free Wi-Fi,Free parking,Pool,Air conditioning,Fitness center,Spa,Bar,4309.0,https://www.agoda.com/search?text=Grand%20Continental%20Hotel%20allahabad%20India
"Hotel Kanha Shyam, Prayagraj",4.1,allahabad,4-star hotel,Free breakfast,Free Wi-Fi,Paid parking,Air conditioning,Fitness center,Spa,Bar,Restaurant,4375.0,https://www.agoda.com/search?text=Hotel%20Kanha%20Shyam%2C%20Prayagraj%20allahabad%20India
WelcomHeritage Badi Kothi,4.3,allahabad,Free breakfast,Free Wi-Fi,Free parking,Pool,Restaurant,Room service,Kitchen,Full-service laundry,Full-service laundry,6738.0,https://www.agoda.com/search?text=WelcomHeritage%20Badi%20Kothi%20allahabad%20India
Hotel Hira Inn,4.8,allahabad,Free breakfast,Free Wi-Fi,Paid parking,Pool,Restaurant,Room service,Full-service laundry,Spa,Room service,3226.0,https://www.agoda.com/search?text=Hotel%20Hira%20Inn%20allahabad%20India
Luxmi Hotel,2.9,allahabad,Breakfast,Free Wi-Fi,Free parking,Air conditioning,Restaurant,Room service,Airport shuttle,Full-service laundry,Kid-friendly,646.0,https://www.agoda.com/search?text=Luxmi%20Hotel%20allahabad%20India
Hotel Milan (A Boutique Hotel),3.6,allahabad,3-star hotel,Breakfast,Free Wi-Fi,Free parking,Air conditioning,Restaurant,Room service,Kitchen,Airport shuttle,1572.0,https://www.agoda.com/search?text=Hotel%20Milan%20%28A%20Boutique%20Hotel%29%20allahabad%20India
Hotel Haidri Inn,3.4,allahabad,Free Wi-Fi,Free parking,Pool,Air conditioning,Room service,Kitchen,Full-service laundry,No crib,Spa,569.0,https://www.agoda.com/search?text=Hotel%20Haidri%20Inn%20allahabad%20India
Orchard One Hotel,3.9,allahabad,Free breakfast,Free Wi-Fi,Paid parking,Air conditioning,Restaurant,Room service,Full-service laundry,Kid-friendly,Kid-friendly,3040.0,https://www.agoda.com/search?text=Orchard%20One%20Hotel%20allahabad%20India
City Hotel,3.1,allahabad,2-star hotel,Free Wi-Fi,Pool,Air conditioning,Pet-friendly,Restaurant,Kitchen,Full-service laundry,Kid-friendly,816.0,https://www.agoda.com/search?text=City%20Hotel%20allahabad%20India
Hotel Fortune Suites,4.9,allahabad,Free Wi-Fi,Free parking,Pool,Free parking,Air conditioning,Fitness center,Fitness center,Airport shuttle,No fitness center,1736.0,https://www.agoda.com/search?text=Hotel%20Fortune%20Suites%20allahabad%20India
Hotel Prayag Inn,3.9,allahabad,3-star hotel,Free breakfast,Wi-Fi,Free parking,Pool,Air conditioning,Restaurant,Room service,Airport shuttle,2470.0,https://www.agoda.com/search?text=Hotel%20Prayag%20Inn%20allahabad%20India
Advantage Inn,4.6,allahabad,Free breakfast,Free Wi-Fi,Free parking,Pool,Room service,Full-service laundry,Smoke-free,Full-service laundry,Restaurant,2423.0,https://www.agoda.com/search?text=Advantage%20Inn%20allahabad%20India
Landmark Inn,4.3,allahabad,Free breakfast,Free Wi-Fi,Paid parking,Room service,Kitchen,Full-service laundry,Kid-friendly,Full-service laundry,Room service,2622.0,https://www.agoda.com/search?text=Landmark%20Inn%20allahabad%20India
"Millennium Inn, Prayagraj",4.2,allahabad,4-star hotel,Free breakfast,Wi-Fi,Free parking,Air conditioning,Restaurant,Room service,Airport shuttle,Full-service laundry,4631.0,https://www.agoda.com/search?text=Millennium%20Inn%2C%20Prayagraj%20allahabad%20India
Stay Inn Hotel,3.7,allahabad,3-star hotel,Free breakfast,Free Wi-Fi,Air conditioning,Restaurant,Kitchen,Airport shuttle,Full-service laundry,Kid-friendly,1535.0,https://www.agoda.com/search?text=Stay%20Inn%20Hotel%20allahabad%20India
Hotel Hira Inn,4.8,allahabad,Free breakfast,Free Wi-Fi,Paid parking,Pool,Restaurant,Room service,Full-service laundry,Room service,Room service,4212.0,https://www.agoda.com/search?text=Hotel%20Hira%20Inn%20allahabad%20India
City Hotel,3.1,allahabad,2-star hotel,Free Wi-Fi,Pool,Air conditioning,Pet-friendly,Restaurant,Kitchen,Full-service laundry,Kid-friendly,817.0,https://www.agoda.com/search?text=City%20Hotel%20allahabad%20India
Treebo Trend Grand Town House,4.2,faridabad,Free breakfast,Free Wi-Fi,Free parking,Pool,Air conditioning,Restaurant,Room service,Kitchen,Full-service laundry,1578.0,https://www.agoda.com/search?text=Treebo%20Trend%20Grand%20Town%20House%20faridabad%20India
Hotel Sewa Grand,3.6,faridabad,3-star hotel,Free breakfast,Free Wi-Fi,Paid parking,Pool,Air conditioning,Restaurant,Room service,Kitchen,2963.0,https://www.agoda.com/search?text=Hotel%20Sewa%20Grand%20faridabad%20India
Vibe By The LaLiT Traveller,4.0,faridabad,4-star hotel,Free breakfast,Free Wi-Fi,Free parking,Pool,Air conditioning,Fitness center,Bar,Restaurant,2763.0,https://www.agoda.com/search?text=Vibe%20By%20The%20LaLiT%20Traveller%20faridabad%20India
Goldfinch Hotel Delhi NCR,3.9,faridabad,4-star hotel,Breakfast,Free Wi-Fi,Free parking,Pool,Air conditioning,Fitness center,Bar,Restaurant,3829.0,https://www.agoda.com/search?text=Goldfinch%20Hotel%20Delhi%20NCR%20faridabad%20India
Vivanta Surajkund,4.5,faridabad,5-star hotel,Breakfast,Wi-Fi,Free parking,Pool,Air conditioning,Pet-friendly,Fitness center,Spa,6946.0,https://www.agoda.com/search?text=Vivanta%20Surajkund%20faridabad%20India
"Radisson Blu Hotel, Faridabad",4.6,faridabad,5-star hotel,Breakfast,Free Wi-Fi,Free parking,Pool,Air conditioning,Fitness center,Spa,Bar,6437.0,https://www.agoda.com/search?text=Radisson%20Blu%20Hotel%2C%20Faridabad%20faridabad%20India
Hotel Delite,3.9,faridabad,Free breakfast,Wi-Fi,Paid parking,Air conditioning,Restaurant,Room service,Full-service laundry,Kid-friendly,Accessible,2940.0,https://www.agoda.com/search?text=Hotel%20Delite%20faridabad%20India
Park Plaza Faridabad,4.1,faridabad,4-star hotel,Breakfast,Free Wi-Fi,Free parking,Pool,Air conditioning,Fitness center,Spa,Bar,7252.0,https://www.agoda.com/search?text=Park%20Plaza%20Faridabad%20faridabad%20India
Lavit Hotel,4.2,faridabad,3-star hotel,Breakfast,Free Wi-Fi,Kitchen,Pool,Restaurant,Free Wi-Fi,Room service,No fitness center,2329.0,https://www.agoda.com/search?text=Lavit%20Hotel%20faridabad%20India
Sarovar Portico Surajkund,3.9,faridabad,Free breakfast,Free Wi-Fi,Free parking,Air conditioning,Fitness center,Spa,Restaurant,Room service,Airport shuttle,4021.0,https://www.agoda.com/search?text=Sarovar%20Portico%20Surajkund%20faridabad%20India
Ceremony Hotel and Banquets,4.1,faridabad,2-star hotel,Breakfast,Free Wi-Fi,Paid parking,Restaurant,Breakfast,Bar,Restaurant,No fitness center,1282.0,https://www.agoda.com/search?text=Ceremony%20Hotel%20and%20Banquets%20faridabad%20India
Ginger Faridabad,3.6,faridabad,3-star hotel,Free Wi-Fi,Paid parking,Air conditioning,Fitness center,Breakfast,Full-service laundry,Kid-friendly,Kid-friendly,3023.0,https://www.agoda.com/search?text=Ginger%20Faridabad%20faridabad%20India
Hotel Bay Laurel Retreat,4.3,faridabad,Free Wi-Fi,Free parking,Pool,Air conditioning,Restaurant,Room service,Full-service laundry,Restaurant,Full-service laundry,3724.0,https://www.agoda.com/search?text=Hotel%20Bay%20Laurel%20Retreat%20faridabad%20India
SKY MANSION,4.3,faridabad,Free Wi-Fi,Breakfast,Free Wi-Fi,Free parking,Pool,Kitchen,Kitchen,Kitchen,Kitchen,3344.0,https://www.agoda.com/search?text=SKY%20MANSION%20faridabad%20India
Hotel View - A Boutique Hotel,4.2,faridabad,4-star hotel,Free Wi-Fi,Paid parking,Kitchen,Restaurant,Air conditioning,Pet-friendly,Airport shuttle,Smoke-free,1337.0,https://www.agoda.com/search?text=Hotel%20View%20-%20A%20Boutique%20Hotel%20faridabad%20India
Hotel Saffron Kiran,3.9,faridabad,3-star hotel,Free breakfast,Free Wi-Fi,Free parking,Pool,Air conditioning,Bar,Restaurant,Room service,3004.0,https://www.agoda.com/search?text=Hotel%20Saffron%20Kiran%20faridabad%20India
Vibe By The LaLiT Traveller,4.0,faridabad,4-star hotel,Free breakfast,Free Wi-Fi,Free parking,Pool,Air conditioning,Fitness center,Bar,Restaurant,3890.0,https://www.agoda.com/search?text=Vibe%20By%20The%20LaLiT%20Traveller%20faridabad%20India
Goldfinch Hotel Delhi NCR,3.9,faridabad,4-star hotel,Breakfast,Free Wi-Fi,Free parking,Pool,Air conditioning,Fitness center,Bar,Restaurant,5039.0,https://www.agoda.com/search?text=Goldfinch%20Hotel%20Delhi%20NCR%20faridabad%20India
Canary Inn,3.9,hazaribagh,Free breakfast,Free breakfast,Free Wi-Fi,Air conditioning,Air conditioning,Air conditioning,Restaurant,Free Wi-Fi,Restaurant,3483.0,https://www.agoda.com/search?text=Canary%20Inn%20hazaribagh%20India
Hotel Nikunj,4.0,hazaribagh,Free Wi-Fi,Paid parking,Room service,Kitchen,Full-service laundry,Air conditioning,Room service,Fitness center,Accessible,2722.0,https://www.agoda.com/search?text=Hotel%20Nikunj%20hazaribagh%20India
Hotel Hill Side,3.8,hazaribagh,Free breakfast,Free Wi-Fi,Paid parking,Pool,Kitchen,Full-service laundry,Room service,Kitchen,Bar,1411.0,https://www.agoda.com/search?text=Hotel%20Hill%20Side%20hazaribagh%20India
Canary Inn,3.9,hazaribagh,3-star hotel,Wi-Fi,Beach access,Pool,Paid parking,Restaurant,Fitness center,Full-service laundry,Airport shuttle,3357.0,https://www.agoda.com/search?text=Canary%20Inn%20hazaribagh%20India
Hotel Skylok,3.3,hazaribagh,Free Wi-Fi,Kitchen,Full-service laundry,Kid-friendly,Fitness center,Air conditioning,Restaurant,Room service,Full-service laundry,6771.0,https://www.agoda.com/search?text=Hotel%20Skylok%20hazaribagh%20India
Hotel Sri Vinayak,3.8,hazaribagh,Free breakfast,Free Wi-Fi,Free parking,Air conditioning,Fitness center,Restaurant,Room service,Kitchen,Full-service laundry,4272.0,https://www.agoda.com/search?text=Hotel%20Sri%20Vinayak%20hazaribagh%20India
Hotel Aranya Vihar,4.2,hazaribagh,Breakfast,Free Wi-Fi,Free parking,Air conditioning,Bar,Restaurant,Room service,Airport shuttle,Full-service laundry,2563.0,https://www.agoda.com/search?text=Hotel%20Aranya%20Vihar%20hazaribagh%20India
Hotel Samrat Inn,3.6,hazaribagh,Free Wi-Fi,Paid parking,Air conditioning,Kitchen,Full-service laundry,Kid-friendly,Room service,No elevator,Airport shuttle,3515.0,https://www.agoda.com/search?text=Hotel%20Samrat%20Inn%20hazaribagh%20India
Hotel AK International,3.6,hazaribagh,3-star hotel,Free Wi-Fi,Paid parking,Air conditioning,No air conditioning,Air conditioning,Room service,Airport shuttle,Full-service laundry,4060.0,https://www.agoda.com/search?text=Hotel%20AK%20International%20hazaribagh%20India
Hotel Nikunj,4.0,hazaribagh,Free Wi-Fi,Paid parking,Room service,Kitchen,Full-service laundry,Air conditioning,Restaurant,Room service,Full-service laundry,1845.0,https://www.agoda.com/search?text=Hotel%20Nikunj%20hazaribagh%20India
Hotel Yamuna palace,3.6,hazaribagh,Free Wi-Fi,Paid parking,Air conditioning,Kitchen,Full-service laundry,Kitchen,Room service,Full-service laundry,Bar,2079.0,https://www.agoda.com/search?text=Hotel%20Yamuna%20palace%20hazaribagh%20India
Hotel Nandgaon & Highway Delight Veg. Restaurant,3.8,hazaribagh,3-star hotel,Free breakfast,Free parking,Air conditioning,Restaurant,Airport shuttle,Full-service laundry,Kid-friendly,No airport shuttle,1526.0,https://www.agoda.com/search?text=Hotel%20Nandgaon%20%26%20Highway%20Delight%20Veg.%20Restaurant%20hazaribagh%20India
Hotel Bhandara Park,4.0,hazaribagh,Free Wi-Fi,Kitchen,Full-service laundry,Elevator,Air conditioning,Air conditioning,Fitness center,Airport shuttle,Room service,2527.0,https://www.agoda.com/search?text=Hotel%20Bhandara%20Park%20hazaribagh%20India
"Manokamna Restaurant, Bar & Lodge",3.7,hazaribagh,Free Wi-Fi,Free parking,Air conditioning,Restaurant,Room service,Full-service laundry,Kid-friendly,Full-service laundry,Airport shuttle,5123.0,https://www.agoda.com/search?text=Manokamna%20Restaurant%2C%20Bar%20%26%20Lodge%20hazaribagh%20India
"Manokamna Restaurant, Bar & Lodge",3.7,hazaribagh,Free Wi-Fi,Free parking,Air conditioning,Restaurant,Room service,Full-service laundry,Kid-friendly,Fitness center,Accessible,5199.0,https://www.agoda.com/search?text=Manokamna%20Restaurant%2C%20Bar%20%26%20Lodge%20hazaribagh%20India
Hotel Aranya Vihar,4.2,hazaribagh,Breakfast,Free Wi-Fi,Free parking,Air conditioning,Bar,Restaurant,Room service,Airport shuttle,Full-service laundry,2600.0,https://www.agoda.com/search?text=Hotel%20Aranya%20Vihar%20hazaribagh%20India
Hotel Om Inn,4.9,gandhinagar,Free breakfast,Free Wi-Fi,Free parking,Pool,Air conditioning,Air conditioning,Bar,Full-service laundry,Airport shuttle,2240.0,https://www.agoda.com/search?text=Hotel%20Om%20Inn%20gandhinagar%20India
Hotel The Grand Vinayak,4.3,gandhinagar,Breakfast,Free Wi-Fi,Free parking,Air conditioning,Restaurant,Room service,Full-service laundry,Accessible,Smoke-free,2034.0,https://www.agoda.com/search?text=Hotel%20The%20Grand%20Vinayak%20gandhinagar%20India
Hotel Green City,4.2,gandhinagar,Breakfast,Free Wi-Fi,Free parking,Air conditioning,Restaurant,Room service,Airport shuttle,Full-service laundry,Accessible,1818.0,https://www.agoda.com/search?text=Hotel%20Green%20City%20gandhinagar%20India
Infocity Club And Resort,4.2,gandhinagar,Free breakfast,Wi-Fi,Free parking,Pool,Air conditioning,Fitness center,Restaurant,Kitchen,Accessible,3640.0,https://www.agoda.com/search?text=Infocity%20Club%20And%20Resort%20gandhinagar%20India
Hotel Prominent Corporate Residency,4.3,gandhinagar,3-star hotel,Free breakfast,Free Wi-Fi,Free parking,Air conditioning,Fitness center,Restaurant,Room service,Kitchen,4256.0,https://www.agoda.com/search?text=Hotel%20Prominent%20Corporate%20Residency%20gandhinagar%20India
7 Wonders Hotel & Restaurant,4.1,gandhinagar,Free breakfast,Free Wi-Fi,Free parking,Air conditioning,Restaurant,Room service,Airport shuttle,Full-service laundry,Kid-friendly,2190.0,https://www.agoda.com/search?text=7%20Wonders%20Hotel%20%26%20Restaurant%20gandhinagar%20India
Hotel The Grand Vinayak,4.3,gandhinagar,Breakfast,Free Wi-Fi,Free parking,Air conditioning,Restaurant,Room service,Full-service laundry,Accessible,Smoke-free,2034.0,https://www.agoda.com/search?text=Hotel%20The%20Grand%20Vinayak%20gandhinagar%20India
Hotel Midway Residency,3.5,gandhinagar,3-star hotel,Free breakfast,Free Wi-Fi,Air conditioning,Pet-friendly,Restaurant,Room service,Airport shuttle,Full-service laundry,1454.0,https://www.agoda.com/search?text=Hotel%20Midway%20Residency%20gandhinagar%20India
"Fortune Inn Haveli, Gandhinagar - Member ITC's hotel group",4.4,gandhinagar,4-star hotel,Free breakfast,Free Wi-Fi,Free parking,Air conditioning,Fitness center,Spa,Restaurant,Room service,7224.0,https://www.agoda.com/search?text=Fortune%20Inn%20Haveli%2C%20Gandhinagar%20-%20Member%20ITC%27s%20hotel%20group%20gandhinagar%20India
Skylon Hotel,4.4,gandhinagar,Pool,Air conditioning,Wi-Fi,Paid parking,Restaurant,Kid-friendly,Smoke-free,Kitchen,Airport shuttle,1698.0,https://www.agoda.com/search?text=Skylon%20Hotel%20gandhinagar%20India
The Leela Gandhinagar,4.6,gandhinagar,5-star hotel,Free breakfast,Free Wi-Fi,Free parking,Pool,Air conditioning,Fitness center,Spa,Restaurant,11682.0,https://www.agoda.com/search?text=The%20Leela%20Gandhinagar%20gandhinagar%20India
Hotel Middletown,4.0,gandhinagar,Free breakfast,Free Wi-Fi,Pool,Air conditioning,Restaurant,Room service,Full-service laundry,Kid-friendly,Bar,1904.0,https://www.agoda.com/search?text=Hotel%20Middletown%20gandhinagar%20India
Super OYO Hotel Siddharth Inn,3.8,gandhinagar,3-star hotel,Breakfast,Free Wi-Fi,Free parking,Pool,Air conditioning,Restaurant,Kitchen,Full-service laundry,1315.0,https://www.agoda.com/search?text=Super%20OYO%20Hotel%20Siddharth%20Inn%20gandhinagar%20India
Cambay Sapphire Gandhinagar,3.4,gandhinagar,4-star hotel,Free breakfast,Free Wi-Fi,Free parking,Pool,Air conditioning,Fitness center,Spa,Restaurant,4284.0,https://www.agoda.com/search?text=Cambay%20Sapphire%20Gandhinagar%20gandhinagar%20India
Hotel Berlin - Gandhinagar,3.8,gandhinagar,Free breakfast,Paid parking,Pool,Air conditioning,Restaurant,Room service,Kitchen,Full-service laundry,Kid-friendly,1853.0,https://www.agoda.com/search?text=Hotel%20Berlin%20-%20Gandhinagar%20gandhinagar%20India
Hotel tulsi palace,3.7,gandhinagar,Free breakfast,Breakfast,Free Wi-Fi,Free parking,Bar,Free parking,Bar,Restaurant,Room service,1230.0,https://www.agoda.com/search?text=Hotel%20tulsi%20palace%20gandhinagar%20India
Hotel President Inn,3.8,gandhinagar,3-star hotel,Free breakfast,Free Wi-Fi,Free parking,Air conditioning,Room service,Kitchen,Full-service laundry,Smoke-free,2194.0,https://www.agoda.com/search?text=Hotel%20President%20Inn%20gandhinagar%20India
"FabHotel Siddharth Corporate - Hotels in Vavol, Gandhinagar",4.2,gandhinagar,Breakfast,Free Wi-Fi,Paid parking,Air conditioning,Room service,Full-service laundry,Kid-friendly,Accessible,Bar,1916.0,https://www.agoda.com/search?text=FabHotel%20Siddharth%20Corporate%20-%20Hotels%20in%20Vavol%2C%20Gandhinagar%20gandhinagar%20India
HOTEL HILL CITY,4.4,gandhinagar,Free Wi-Fi,Paid parking,Air conditioning,Room service,Airport shuttle,Full-service laundry,Fitness center,Full-service laundry,No fitness center,2240.0,https://www.agoda.com/search?text=HOTEL%20HILL%20CITY%20gandhinagar%20India
Hotel Om Inn,4.9,gandhinagar,3-star hotel,Free Wi-Fi,Free parking,Free parking,Airport shuttle,Room service,Fitness center,No crib,Airport shuttle,2240.0,https://www.agoda.com/search?text=Hotel%20Om%20Inn%20gandhinagar%20India
Perfect Room in Perfect Bungalow,3.6,gandhinagar,4-star hotel,Free breakfast,Air conditioning,Fireplace,Cable TV,Paid parking,Free Wi-Fi,No crib,No elevator,3710.0,https://www.agoda.com/search?text=Perfect%20Room%20in%20Perfect%20Bungalow%20gandhinagar%20India
Rooms in a Fully Furnished Bungalow,4.1,gandhinagar,Villa,Free breakfast,12 bathrooms,Air conditioning,Fireplace,Paid parking,Free Wi-Fi,No crib,No elevator,5600.0,https://www.agoda.com/search?text=Rooms%20in%20a%20Fully%20Furnished%20Bungalow%20gandhinagar%20India
FabHotel Prime Blue Moon,4.2,gandhinagar,Free breakfast,Free Wi-Fi,Paid parking,Air conditioning,Restaurant,Room service,Kitchen,Full-service laundry,Kid-friendly,3312.0,https://www.agoda.com/search?text=FabHotel%20Prime%20Blue%20Moon%20gandhinagar%20India
Hotel Siddharth inn,3.9,gandhinagar,Free breakfast,Free Wi-Fi,Paid parking,Air conditioning,Restaurant,Room service,Full-service laundry,Kid-friendly,Kid-friendly,2333.0,https://www.agoda.com/search?text=Hotel%20Siddharth%20inn%20gandhinagar%20India
Hotel TRIDEV,4.0,varanasi,3-star hotel,Free breakfast,Free Wi-Fi,Paid parking,Pool,Fitness center,Restaurant,Room service,Airport shuttle,3808.0,https://www.agoda.com/search?text=Hotel%20TRIDEV%20varanasi%20India
"Hotel Surya, Kaiser Palace",4.2,varanasi,3-star hotel,Free breakfast,Free Wi-Fi,Free parking,Pool,Air conditioning,Pet-friendly,Spa,Bar,4214.0,https://www.agoda.com/search?text=Hotel%20Surya%2C%20Kaiser%20Palace%20varanasi%20India
Varanasi Villa,4.4,varanasi,4-star hotel,Free breakfast,12 bathrooms,Air conditioning,Kid-friendly,Kitchen,Pet-friendly,Free Wi-Fi,No fitness center,2778.0,https://www.agoda.com/search?text=Varanasi%20Villa%20varanasi%20India
Hotel Four Element,4.4,varanasi,Free breakfast,Free Wi-Fi,Free parking,Pool,Restaurant,Room service,Full-service laundry,Accessible,Airport shuttle,3566.0,https://www.agoda.com/search?text=Hotel%20Four%20Element%20varanasi%20India
goSTOPS Varanasi,4.2,varanasi,2-star hotel,Breakfast,Free Wi-Fi,Paid parking,Air conditioning,Pet-friendly,Restaurant,Airport shuttle,Full-service laundry,978.0,https://www.agoda.com/search?text=goSTOPS%20Varanasi%20varanasi%20India
Radisson Hotel Varanasi,4.2,varanasi,5-star hotel,Free breakfast,Free Wi-Fi,Free parking,Pool,Air conditioning,Fitness center,Spa,Bar,7824.0,https://www.agoda.com/search?text=Radisson%20Hotel%20Varanasi%20varanasi%20India
Pearl Courtyard,4.3,varanasi,4-star hotel,Free breakfast,Free Wi-Fi,Paid parking,Air conditioning,Restaurant,Room service,Airport shuttle,Full-service laundry,6957.0,https://www.agoda.com/search?text=Pearl%20Courtyard%20varanasi%20India
Hotel Yash Residency Near Assi Ghat & BHU,3.8,varanasi,3-star hotel,Breakfast,Free Wi-Fi,Paid parking,Air conditioning,Pet-friendly,Room service,Full-service laundry,Accessible,1338.0,https://www.agoda.com/search?text=Hotel%20Yash%20Residency%20Near%20Assi%20Ghat%20%26%20BHU%20varanasi%20India
Royal Guest House,4.1,varanasi,3-star hotel,Breakfast,Free Wi-Fi,Air conditioning,Pet-friendly,Restaurant,Room service,Airport shuttle,Full-service laundry,1009.0,https://www.agoda.com/search?text=Royal%20Guest%20House%20varanasi%20India
Hotel Satkar,4.8,varanasi,Free breakfast,Free Wi-Fi,Pool,Air conditioning,Restaurant,Room service,Kitchen,Full-service laundry,Restaurant,2528.0,https://www.agoda.com/search?text=Hotel%20Satkar%20varanasi%20India
"Rahi Tourist Bungalow, Varanasi",3.9,varanasi,2-star hotel,Free breakfast,Free Wi-Fi,Free parking,Pool,Air conditioning,Restaurant,Room service,Kitchen,1082.0,https://www.agoda.com/search?text=Rahi%20Tourist%20Bungalow%2C%20Varanasi%20varanasi%20India
"Hotel Surya, Kaiser Palace",4.2,varanasi,3-star hotel,Free breakfast,Free Wi-Fi,Free parking,Pool,Air conditioning,Pet-friendly,Spa,Bar,4212.0,https://www.agoda.com/search?text=Hotel%20Surya%2C%20Kaiser%20Palace%20varanasi%20India
The Pinnacle Inn Sarnath - Best 4 Star Hotel in Sarnath,4.1,varanasi,Free breakfast,Wi-Fi,Free parking,Pool,Air conditioning,Fitness center,Spa,Restaurant,Room service,4627.0,https://www.agoda.com/search?text=The%20Pinnacle%20Inn%20Sarnath%20-%20Best%204%20Star%20Hotel%20in%20Sarnath%20varanasi%20India
Hotel Costa River,4.0,varanasi,3-star hotel,Free breakfast,Free Wi-Fi,Free parking,Air conditioning,Restaurant,Room service,Airport shuttle,Full-service laundry,3020.0,https://www.agoda.com/search?text=Hotel%20Costa%20River%20varanasi%20India
Green Villa Kashi,3.1,varanasi,5-star hotel,Free breakfast,Air conditioning,Paid parking,Free Wi-Fi,No crib,No elevator,No fireplace,No fitness center,1313.0,https://www.agoda.com/search?text=Green%20Villa%20Kashi%20varanasi%20India
BlueBells Varanasi,3.3,varanasi,3-star hotel,Free Wi-Fi,Air conditioning,Fireplace,Paid parking,Free Wi-Fi,No crib,No elevator,No fitness center,2700.0,https://www.agoda.com/search?text=BlueBells%20Varanasi%20varanasi%20India
Hotel Ganges Grand - Varanasi,4.0,varanasi,3-star hotel,Free breakfast,Free Wi-Fi,Free parking,Air conditioning,Restaurant,Room service,Airport shuttle,Full-service laundry,5914.0,https://www.agoda.com/search?text=Hotel%20Ganges%20Grand%20-%20Varanasi%20varanasi%20India
Hotel Le Lotus Grand,4.2,varanasi,Free breakfast,Free Wi-Fi,Paid parking,Air conditioning,Restaurant,Room service,Kitchen,Full-service laundry,Business center,2889.0,https://www.agoda.com/search?text=Hotel%20Le%20Lotus%20Grand%20varanasi%20India
Family Guest House,4.5,varanasi,1-star hotel,Breakfast,Free Wi-Fi,Pool,Air conditioning,Spa,Paid parking,Bar,Restaurant,725.0,https://www.agoda.com/search?text=Family%20Guest%20House%20varanasi%20India
Leela Guest House,3.6,varanasi,3-star hotel,Free Wi-Fi,Pool,Air conditioning,Restaurant,Kitchen,Airport shuttle,Full-service laundry,Kid-friendly,914.0,https://www.agoda.com/search?text=Leela%20Guest%20House%20varanasi%20India
Villa Benares,4.2,varanasi,Breakfast,Free Wi-Fi,Free parking,Air conditioning,Pet-friendly,Restaurant,Room service,Airport shuttle,Full-service laundry,2910.0,https://www.agoda.com/search?text=Villa%20Benares%20varanasi%20India
Hotel Uday Palace Varanasi,4.1,varanasi,3-star hotel,Breakfast,Free Wi-Fi,Free parking,Air conditioning,Restaurant,Room service,Airport shuttle,Full-service laundry,2922.0,https://www.agoda.com/search?text=Hotel%20Uday%20Palace%20Varanasi%20varanasi%20India
Hotel Radiance Courtyard,4.4,varanasi,Breakfast,Free Wi-Fi,Free parking,Air conditioning,Restaurant,Room service,Airport shuttle,Full-service laundry,Accessible,3941.0,https://www.agoda.com/search?text=Hotel%20Radiance%20Courtyard%20varanasi%20India
Hotel Four Element,4.4,varanasi,Free breakfast,Free Wi-Fi,Free parking,Pool,Restaurant,Room service,Full-service laundry,Accessible,No crib,3566.0,https://www.agoda.com/search?text=Hotel%20Four%20Element%20varanasi%20India
"The Fern Residency, Noida",4.1,noida,Free breakfast,Free Wi-Fi,Paid parking,Pool,Air conditioning,Restaurant,Room service,Full-service laundry,Kid-friendly,5278.0,https://www.agoda.com/search?text=The%20Fern%20Residency%2C%20Noida%20noida%20India
Treebo Trend Noida Grand,4.0,noida,Free breakfast,Free Wi-Fi,Paid parking,Restaurant,Room service,Kitchen,Full-service laundry,Business center,Kid-friendly,2371.0,https://www.agoda.com/search?text=Treebo%20Trend%20Noida%20Grand%20noida%20India
Noida Suites,3.7,noida,3-star hotel,Free breakfast,Air conditioning,Elevator,Fireplace,Kitchen,Cable TV,Paid parking,Free Wi-Fi,2036.0,https://www.agoda.com/search?text=Noida%20Suites%20noida%20India
Radisson Noida,4.3,noida,5-star hotel,Breakfast,Free Wi-Fi,Free parking,Pool,Air conditioning,Fitness center,Spa,Bar,3584.0,https://www.agoda.com/search?text=Radisson%20Noida%20noida%20India
"The Fern Residency, Noida",4.1,noida,Free breakfast,Free Wi-Fi,Paid parking,Pool,Air conditioning,Restaurant,Room service,Full-service laundry,Kid-friendly,4677.0,https://www.agoda.com/search?text=The%20Fern%20Residency%2C%20Noida%20noida%20India
Regenta Central Noida,3.8,noida,Breakfast,Free Wi-Fi,Free parking,Air conditioning,Fitness center,Spa,Restaurant,Room service,Airport shuttle,4255.0,https://www.agoda.com/search?text=Regenta%20Central%20Noida%20noida%20India
Taj Studios Private Luxury Studio Apartment Central Noida,2.9,noida,4-star hotel,Free breakfast,Air conditioning,Elevator,Fireplace,Kitchen,Cable TV,Paid parking,Free Wi-Fi,2081.0,https://www.agoda.com/search?text=Taj%20Studios%20Private%20Luxury%20Studio%20Apartment%20Central%20Noida%20noida%20India
Hotel White Castle,3.9,noida,3-star hotel,Free breakfast,Free Wi-Fi,Free parking,Air conditioning,Restaurant,Room service,Airport shuttle,Full-service laundry,800.0,https://www.agoda.com/search?text=Hotel%20White%20Castle%20noida%20India
"Fortune Sector 27, Noida - Member ITC's hotel group",4.1,noida,4-star hotel,Free breakfast,Wi-Fi,Free parking,Pool,Air conditioning,Fitness center,Spa,Bar,7196.0,https://www.agoda.com/search?text=Fortune%20Sector%2027%2C%20Noida%20-%20Member%20ITC%27s%20hotel%20group%20noida%20India
Hyphen Business Hotels,3.8,noida,3-star hotel,Free breakfast,Free Wi-Fi,Free parking,Air conditioning,Fitness center,Restaurant,Room service,Airport shuttle,2487.0,https://www.agoda.com/search?text=Hyphen%20Business%20Hotels%20noida%20India
Park Ascent,4.2,noida,4-star hotel,Breakfast,Free Wi-Fi,Free parking,Air conditioning,Fitness center,Bar,Restaurant,Room service,6215.0,https://www.agoda.com/search?text=Park%20Ascent%20noida%20India
Mosaic Hotel Noida,4.1,noida,4-star hotel,Breakfast,Free Wi-Fi,Free parking,Pool,Air conditioning,Fitness center,Bar,Restaurant,6946.0,https://www.agoda.com/search?text=Mosaic%20Hotel%20Noida%20noida%20India
The Taj Studios .Com,4.0,noida,Free breakfast,Free Wi-Fi,Paid parking,Free parking,Air conditioning,Restaurant,Restaurant,Restaurant,Full-service laundry,2535.0,https://www.agoda.com/search?text=The%20Taj%20Studios%20.Com%20noida%20India
Shacon Suites,4.6,noida,Free Wi-Fi,Kitchen,Full-service laundry,Kid-friendly,Pool,Restaurant,Air conditioning,Room service,No crib,2785.0,https://www.agoda.com/search?text=Shacon%20Suites%20noida%20India
The G8,4.0,noida,4-star hotel,Free breakfast,Free Wi-Fi,Paid parking,Air conditioning,Restaurant,Room service,Kitchen,Airport shuttle,4616.0,https://www.agoda.com/search?text=The%20G8%20noida%20India
Hotel Noida International,3.6,noida,3-star hotel,Free breakfast,Wi-Fi,Free parking,Air conditioning,Restaurant,Room service,Airport shuttle,Full-service laundry,1288.0,https://www.agoda.com/search?text=Hotel%20Noida%20International%20noida%20India
Hotel The Emporio A Corporate Suites,4.9,noida,3-star hotel,Free Wi-Fi,Free parking,Free parking,Pool,Restaurant,Kitchen,Airport shuttle,Restaurant,3347.0,https://www.agoda.com/search?text=Hotel%20The%20Emporio%20A%20Corporate%20Suites%20noida%20India
Hotel Malhar Haveli,4.2,noida,3-star hotel,Breakfast,Paid parking,Air conditioning,Wi-Fi,Restaurant,Kitchen,Airport shuttle,Full-service laundry,3239.0,https://www.agoda.com/search?text=Hotel%20Malhar%20Haveli%20noida%20India
Ahuja Residency Noida,4.3,noida,3-star hotel,Breakfast,Free Wi-Fi,Free parking,Air conditioning,Restaurant,Room service,Kitchen,Full-service laundry,3351.0,https://www.agoda.com/search?text=Ahuja%20Residency%20Noida%20noida%20India
The Amaya Inn,4.0,noida,Free breakfast,Free Wi-Fi,Paid parking,Restaurant,Room service,Kitchen,Full-service laundry,Room service,Airport shuttle,2427.0,https://www.agoda.com/search?text=The%20Amaya%20Inn%20noida%20India
Treebo Trend House Inn - Hotel in Noida,3.7,noida,3-star hotel,Free breakfast,Wi-Fi,Pool,Air conditioning,Restaurant,Room service,Full-service laundry,Business center,2378.0,https://www.agoda.com/search?text=Treebo%20Trend%20House%20Inn%20-%20Hotel%20in%20Noida%20noida%20India
Hotel Tri Sea,4.1,kanyakumari,3-star hotel,Breakfast,Free Wi-Fi,Free parking,Pool,Air conditioning,Spa,Restaurant,Room service,2215.0,https://www.agoda.com/search?text=Hotel%20Tri%20Sea%20kanyakumari%20India
Hotel Ocean Heritage,4.0,kanyakumari,3-star hotel,Free breakfast,Free Wi-Fi,Air conditioning,Beach access,Restaurant,Room service,Airport shuttle,Full-service laundry,2800.0,https://www.agoda.com/search?text=Hotel%20Ocean%20Heritage%20kanyakumari%20India
Hotel Sea Land,4.4,kanyakumari,Free Wi-Fi,Paid parking,Pool,Beach access,Kitchen,Full-service laundry,Room service,Airport shuttle,Airport shuttle,1738.0,https://www.agoda.com/search?text=Hotel%20Sea%20Land%20kanyakumari%20India
The Gopinivas Grand,4.5,kanyakumari,3-star hotel,Free breakfast,Free Wi-Fi,Paid parking,Pool,Beach access,Restaurant,Room service,Full-service laundry,2240.0,https://www.agoda.com/search?text=The%20Gopinivas%20Grand%20kanyakumari%20India
Sparsa Kanyakumari,3.8,kanyakumari,3-star hotel,Free breakfast,Wi-Fi,Free parking,Pool,Air conditioning,Fitness center,Spa,Restaurant,2192.0,https://www.agoda.com/search?text=Sparsa%20Kanyakumari%20kanyakumari%20India
New Cape Hotel,3.9,kanyakumari,3-star hotel,Breakfast,Free Wi-Fi,Free parking,Air conditioning,Room service,Airport shuttle,Full-service laundry,Accessible,1177.0,https://www.agoda.com/search?text=New%20Cape%20Hotel%20kanyakumari%20India
Arunachala Inn,4.5,kanyakumari,Free Wi-Fi,Free parking,Air conditioning,Breakfast,Beach access,Airport shuttle,Free Wi-Fi,Airport shuttle,Kid-friendly,2015.0,https://www.agoda.com/search?text=Arunachala%20Inn%20kanyakumari%20India
Hotel Melody Park,4.0,kanyakumari,2-star hotel,Free breakfast,Free Wi-Fi,Air conditioning,Restaurant,Room service,Kitchen,Airport shuttle,Full-service laundry,1016.0,https://www.agoda.com/search?text=Hotel%20Melody%20Park%20kanyakumari%20India
Hotel Sivamurugan Kanyakumari,4.0,kanyakumari,3-star hotel,Free breakfast,Free Wi-Fi,Paid parking,Air conditioning,Restaurant,Room service,Kitchen,Full-service laundry,1357.0,https://www.agoda.com/search?text=Hotel%20Sivamurugan%20Kanyakumari%20kanyakumari%20India
Hotel Sea View,4.0,kanyakumari,3-star hotel,Free breakfast,Free Wi-Fi,Free parking,Air conditioning,Beach access,Bar,Restaurant,Room service,4845.0,https://www.agoda.com/search?text=Hotel%20Sea%20View%20kanyakumari%20India
Hotel Sky Ark,4.0,kanyakumari,3-star hotel,Free breakfast,Free Wi-Fi,Free parking,Pool,Air conditioning,Restaurant,Kitchen,Airport shuttle,743.0,https://www.agoda.com/search?text=Hotel%20Sky%20Ark%20kanyakumari%20India
KKM Kanyakumari,4.4,kanyakumari,Free parking,Air conditioning,Breakfast,Wi-Fi,Room service,Smoke-free,Full-service laundry,Fitness center,Room service,1179.0,https://www.agoda.com/search?text=KKM%20Kanyakumari%20kanyakumari%20India
Hotel Samudra,3.9,kanyakumari,3-star hotel,Free breakfast,Free Wi-Fi,Paid parking,Pool,Air conditioning,Beach access,Kitchen,Airport shuttle,2019.0,https://www.agoda.com/search?text=Hotel%20Samudra%20kanyakumari%20India
Hotel Sunview,3.9,kanyakumari,Paid parking,Pool,Air conditioning,Kitchen,Full-service laundry,Kid-friendly,Kitchen,Spa,Room service,1773.0,https://www.agoda.com/search?text=Hotel%20Sunview%20kanyakumari%20India
The Coral - Kanyakumari,4.4,kanyakumari,Free breakfast,Free breakfast,Free Wi-Fi,Air conditioning,Bar,Kid-friendly,Fitness center,Kid-friendly,Full-service laundry,3495.0,https://www.agoda.com/search?text=The%20Coral%20-%20Kanyakumari%20kanyakumari%20India
Hotel Sun Park,3.9,kanyakumari,3-star hotel,Free breakfast,Free Wi-Fi,Paid parking,Pool,Restaurant,Room service,Airport shuttle,Full-service laundry,1769.0,https://www.agoda.com/search?text=Hotel%20Sun%20Park%20kanyakumari%20India
Hotel Ocean Heritage,4.0,kanyakumari,3-star hotel,Free breakfast,Free Wi-Fi,Air conditioning,Beach access,Restaurant,Room service,Airport shuttle,Full-service laundry,2335.0,https://www.agoda.com/search?text=Hotel%20Ocean%20Heritage%20kanyakumari%20India
"TTDC Hotel Tamil Nadu, Kanyakumari",4.5,kanyakumari,4-star hotel,Free Wi-Fi,Kitchen,Free parking,Air conditioning,Room service,Full-service laundry,Smoke-free,Kitchen,2730.0,https://www.agoda.com/search?text=TTDC%20Hotel%20Tamil%20Nadu%2C%20Kanyakumari%20kanyakumari%20India
Hotel Singaar International,3.5,kanyakumari,3-star hotel,Free breakfast,Free Wi-Fi,Free parking,Pool,Air conditioning,Bar,Restaurant,Room service,2350.0,https://www.agoda.com/search?text=Hotel%20Singaar%20International%20kanyakumari%20India
Hotel Tri Sea,4.1,kanyakumari,3-star hotel,Breakfast,Free Wi-Fi,Free parking,Pool,Air conditioning,Spa,Restaurant,Room service,1756.0,https://www.agoda.com/search?text=Hotel%20Tri%20Sea%20kanyakumari%20India
Rehoboth Home Stay - Deluxe Double or Twin Room,4.0,kanyakumari,House,Free Wi-Fi,Free parking,1 bathroom,1 bed,Air conditioning,Airport shuttle,Kid-friendly,Crib,1427.0,https://www.agoda.com/search?text=Rehoboth%20Home%20Stay%20-%20Deluxe%20Double%20or%20Twin%20Room%20kanyakumari%20India
Hotel Sea Land,4.4,kanyakumari,Free Wi-Fi,Paid parking,Pool,Beach access,Kitchen,Full-service laundry,Restaurant,Restaurant,No fitness center,1792.0,https://www.agoda.com/search?text=Hotel%20Sea%20Land%20kanyakumari%20India
Hotel Samudra,3.9,kanyakumari,3-star hotel,Free breakfast,Free Wi-Fi,Paid parking,Pool,Air conditioning,Beach access,Kitchen,Airport shuttle,2019.0,https://www.agoda.com/search?text=Hotel%20Samudra%20kanyakumari%20India
Zostel Srinagar,4.5,kashmir,Breakfast,Free Wi-Fi,Free parking,Air conditioning,Restaurant,Airport shuttle,Smoke-free,Restaurant,Kitchen,2690.0,https://www.agoda.com/search?text=Zostel%20Srinagar%20kashmir%20India
"The Montreal, Srinagar- Best Hotels/4 Star Hotels/Hotel Near Dal Lake/Hotel Near Mughal Garden",4.4,kashmir,Free breakfast,Free Wi-Fi,Free parking,Air conditioning,Restaurant,Room service,Airport shuttle,Full-service laundry,Accessible,8991.0,https://www.agoda.com/search?text=The%20Montreal%2C%20Srinagar-%20Best%20Hotels/4%20Star%20Hotels/Hotel%20Near%20Dal%20Lake/Hotel%20Near%20Mughal%20Garden%20kashmir%20India
Floating Heaven Group Of House Boats,4.3,kashmir,Free breakfast,Free Wi-Fi,Fireplace,Cable TV,Free Wi-Fi,No air conditioning,No crib,No elevator,No fitness center,5306.0,https://www.agoda.com/search?text=Floating%20Heaven%20Group%20Of%20House%20Boats%20kashmir%20India
Naaz Kashmir (A Luxury Houseboat),3.3,kashmir,5-star hotel,Free breakfast,Air conditioning,Fireplace,Cable TV,Free Wi-Fi,No crib,No elevator,No fitness center,11968.0,https://www.agoda.com/search?text=Naaz%20Kashmir%20%28A%20Luxury%20Houseboat%29%20kashmir%20India
Taj Palace Group Of House Boats,2.6,kashmir,Free breakfast,Breakfast,Fireplace,Cable TV,Free Wi-Fi,No air conditioning,No crib,No elevator,No fitness center,1390.0,https://www.agoda.com/search?text=Taj%20Palace%20Group%20Of%20House%20Boats%20kashmir%20India
Colonels Retreat,4.8,kashmir,3-star hotel,Wi-Fi,Air conditioning,Airport shuttle,Smoke-free,Free parking,Free Wi-Fi,No beach access,No elevator,2100.0,https://www.agoda.com/search?text=Colonels%20Retreat%20kashmir%20India
Zostel Srinagar,4.5,kashmir,Breakfast,Free Wi-Fi,Free parking,Air conditioning,Restaurant,Airport shuttle,Smoke-free,Spa,Restaurant,1853.0,https://www.agoda.com/search?text=Zostel%20Srinagar%20kashmir%20India
Taj Palace Group of House Boats,3.5,kashmir,Free breakfast,Kitchen,Cable TV,No air conditioning,No airport shuttle,No beach access,No elevator,No fireplace,No fitness center,1359.0,https://www.agoda.com/search?text=Taj%20Palace%20Group%20Of%20House%20Boats%20kashmir%20India
"Vivanta Dal View, Srinagar",4.5,kashmir,5-star hotel,Free breakfast,Free Wi-Fi,Free parking,Pool,Air conditioning,Pet-friendly,Fitness center,Spa,28656.0,https://www.agoda.com/search?text=Vivanta%20Dal%20View%2C%20Srinagar%20kashmir%20India
The Khyber Himalayan Resort & Spa,4.6,kashmir,5-star hotel,Free breakfast,Wi-Fi,Free parking,Pool,Hot tub,Air conditioning,Fitness center,Spa,53089.0,https://www.agoda.com/search?text=The%20Khyber%20Himalayan%20Resort%20%26%20Spa%20kashmir%20India
Jamal Resorts,4.0,kashmir,4-star hotel,Free breakfast,Free Wi-Fi,Free parking,Air conditioning,Pet-friendly,Restaurant,Room service,Airport shuttle,4215.0,https://www.agoda.com/search?text=Jamal%20Resorts%20kashmir%20India
Hotel Village Walk,4.4,kashmir,Free breakfast,Free Wi-Fi,Free parking,Pool,Restaurant,Room service,Kitchen,Full-service laundry,Kid-friendly,9010.0,https://www.agoda.com/search?text=Hotel%20Village%20Walk%20kashmir%20India
Hotel Lidder Spring Resorts,4.4,kashmir,4-star hotel,Free breakfast,Free Wi-Fi,Paid parking,Pool,Restaurant,Room service,Kitchen,Airport shuttle,6850.0,https://www.agoda.com/search?text=Hotel%20Lidder%20Spring%20Resorts%20kashmir%20India
"The Orchard Retreat & Spa, Srinagar",4.3,kashmir,5-star hotel,Free breakfast,Free Wi-Fi,Free parking,Pool,Hot tub,Air conditioning,Fitness center,Spa,13794.0,https://www.agoda.com/search?text=The%20Orchard%20Retreat%20%26%20Spa%2C%20Srinagar%20kashmir%20India
Hotel New Green View Srinagar (Ghulam),3.8,kashmir,3-star hotel,Free breakfast,Free Wi-Fi,Free parking,Air conditioning,Air conditioning,Restaurant,No beach access,Restaurant,723.0,https://www.agoda.com/search?text=Hotel%20New%20Green%20View%20Srinagar%20%28Ghulam%29%20kashmir%20India
Hotel Taj Residency,3.8,kashmir,Free breakfast,Free Wi-Fi,Paid parking,Restaurant,Room service,Kitchen,Full-service laundry,Room service,Restaurant,2290.0,https://www.agoda.com/search?text=Hotel%20Taj%20Residency%20kashmir%20India
Hotel Himalayan Resort,4.1,kashmir,3-star hotel,Breakfast,Free Wi-Fi,Free parking,Pet-friendly,Bar,Restaurant,Room service,Kitchen,3920.0,https://www.agoda.com/search?text=Hotel%20Himalayan%20Resort%20kashmir%20India
Taj Palace Houseboat || Kashmir Glory Travels,4.1,kashmir,Free breakfast,Free Wi-Fi,Kitchen,Full-service laundry,Kid-friendly,Free Wi-Fi,Restaurant,No elevator,Beach access,2097.0,https://www.agoda.com/search?text=Taj%20Palace%20Houseboat%20%7C%7C%20Kashmir%20Glory%20Travels%20kashmir%20India
Royal Hillton Pahalgam,4.3,kashmir,Free breakfast,Wi-Fi,Free parking,Pet-friendly,Restaurant,Room service,Kitchen,Airport shuttle,Full-service laundry,24156.0,https://www.agoda.com/search?text=Royal%20Hillton%20Pahalgam%20kashmir%20India
"Welcomhotel By ITC Hotels, Pine N Peak, Pahalgam - Premium Resort Overlooking Lidder River And Snow Topped Mountains",4.7,kashmir,5-star hotel,Free breakfast,Free Wi-Fi,Free parking,Air conditioning,Pet-friendly,Fitness center,Spa,Restaurant,26296.0,https://www.agoda.com/search?text=Welcomhotel%20By%20ITC%20Hotels%2C%20Pine%20N%20Peak%2C%20Pahalgam%20-%20Premium%20Resort%20Overlooking%20Lidder%20River%20And%20Snow%20Topped%20Mountains%20kashmir%20India
Hotel Heevan,4.2,kashmir,4-star hotel,Free breakfast,Free Wi-Fi,Free parking,Restaurant,Room service,Airport shuttle,Full-service laundry,Kid-friendly,64900.0,https://www.agoda.com/search?text=Hotel%20Heevan%20kashmir%20India
The LaLiT Grand Palace Srinagar,4.3,kashmir,5-star hotel,Free breakfast,Free Wi-Fi,Free parking,Pool,Air conditioning,Fitness center,Spa,Bar,25370.0,https://www.agoda.com/search?text=The%20LaLiT%20Grand%20Palace%20Srinagar%20kashmir%20India
"Radisson Blu Hotel, Jammu",4.3,kashmir,4-star hotel,Breakfast,Free Wi-Fi,Free parking,Pool,Hot tub,Air conditioning,Fitness center,Spa,6440.0,https://www.agoda.com/search?text=Radisson%20Blu%20Hotel%2C%20Jammu%20kashmir%20India
"The Orchard Retreat & Spa, Srinagar",4.3,kashmir,5-star hotel,Free breakfast,Free Wi-Fi,Free parking,Pool,Hot tub,Air conditioning,Fitness center,Spa,14172.0,https://www.agoda.com/search?text=The%20Orchard%20Retreat%20%26%20Spa%2C%20Srinagar%20kashmir%20India
"Summit Namnang Courtyard & Spa, Gangtok",4.1,sikkim,4-star hotel,Free breakfast,Free Wi-Fi,Paid parking,Spa,Restaurant,Room service,Kitchen,Airport shuttle,4846.0,https://www.agoda.com/search?text=Summit%20Namnang%20Courtyard%20%26%20Spa%2C%20Gangtok%20sikkim%20India
Denzong Regency,4.5,sikkim,4-star hotel,Free breakfast,Free Wi-Fi,Free parking,Pool,Fitness center,Spa,Bar,Restaurant,10620.0,https://www.agoda.com/search?text=Denzong%20Regency%20sikkim%20India
Yangsan Heritage Farm | Rooms & Guided Treks,4.9,sikkim,Breakfast,Free Wi-Fi,Fireplace,Paid parking,No air conditioning,No crib,No elevator,No fitness center,No ironing board,4662.0,https://www.agoda.com/search?text=Yangsan%20Heritage%20Farm%20%7C%20Rooms%20%26%20Guided%20Treks%20sikkim%20India
The Barfung Retreat,4.2,sikkim,Free Wi-Fi,Free breakfast,3 bathrooms,Airport shuttle,Free parking,Free Wi-Fi,No air conditioning,No beach access,No elevator,3077.0,https://www.agoda.com/search?text=The%20Barfung%20Retreat%20sikkim%20India
"Karma Casa, Gangtok",4.4,sikkim,Free Wi-Fi,Air conditioning,Fireplace,Cable TV,Paid parking,Free Wi-Fi,No air conditioning,No crib,No elevator,3086.0,https://www.agoda.com/search?text=Karma%20Casa%2C%20Gangtok%20sikkim%20India
The Whistling Thrush,4.8,sikkim,Free Wi-Fi,Free breakfast,Fireplace,Kitchen,Paid parking,No air conditioning,No crib,No elevator,No fitness center,3180.0,https://www.agoda.com/search?text=The%20Whistling%20Thrush%20sikkim%20India
Magpie Pachhu Village Resort,4.3,sikkim,4-star hotel,Free breakfast,Free Wi-Fi,Paid parking,Restaurant,Room service,Full-service laundry,Kid-friendly,Room service,4391.0,https://www.agoda.com/search?text=Magpie%20Pachhu%20Village%20Resort%20sikkim%20India
"MAYFAIR Spa Resort & Casino, Gangtok",4.4,sikkim,5-star hotel,Free breakfast,Free Wi-Fi,Free parking,Pool,Hot tub,Air conditioning,Fitness center,Spa,9800.0,https://www.agoda.com/search?text=MAYFAIR%20Spa%20Resort%20%26%20Casino%2C%20Gangtok%20sikkim%20India
Kaya Gantavya Resort & Spa | Pelling,4.6,sikkim,Free breakfast,Free Wi-Fi,Free parking,Spa,Bar,Restaurant,Room service,Full-service laundry,Kid-friendly,5643.0,https://www.agoda.com/search?text=Kaya%20Gantavya%20Resort%20%26%20Spa%20%7C%20Pelling%20sikkim%20India
Great Eastern Valley Residency,4.3,sikkim,Kid-friendly,Free parking,Air conditioning,Air conditioning,Air conditioning,Full-service laundry,Full-service laundry,Spa,Restaurant,769.0,https://www.agoda.com/search?text=Great%20Eastern%20Valley%20Residency%20sikkim%20India
"Udaan Hotels | Alpine Resort, Gangtok",4.6,sikkim,3-star hotel,Breakfast,Free Wi-Fi,Paid parking,Restaurant,Room service,Kitchen,Full-service laundry,Kid-friendly,3360.0,https://www.agoda.com/search?text=Udaan%20Hotels%20%7C%20Alpine%20Resort%2C%20Gangtok%20sikkim%20India
"Vivanta Sikkim, Pakyong",4.4,sikkim,5-star hotel,Free breakfast,Free Wi-Fi,Free parking,Pool,Pet-friendly,Spa,Restaurant,Room service,12980.0,https://www.agoda.com/search?text=Vivanta%20Sikkim%2C%20Pakyong%20sikkim%20India
Garden Retreat Hotel,4.1,sikkim,Breakfast,Free Wi-Fi,Free parking,Restaurant,Room service,Kitchen,Airport shuttle,Full-service laundry,Restaurant,1050.0,https://www.agoda.com/search?text=Garden%20Retreat%20Hotel%20sikkim%20India
Central Hill Resort The Mall Road Gangtok,3.5,sikkim,3-star hotel,Free breakfast,Free Wi-Fi,Paid parking,Restaurant,Room service,Kitchen,Airport shuttle,Full-service laundry,1340.0,https://www.agoda.com/search?text=Central%20Hill%20Resort%20The%20Mall%20Road%20Gangtok%20sikkim%20India
Superview Waterfall Homestay Rumtek,4.2,sikkim,Kid-friendly,Free breakfast,Free Wi-Fi,Free parking,Pool,Restaurant,Restaurant,Spa,Airport shuttle,560.0,https://www.agoda.com/search?text=Superview%20Waterfall%20Homestay%20Rumtek%20sikkim%20India
Zemu Gangtok,4.7,sikkim,Breakfast,Free Wi-Fi,Free parking,Pet-friendly,Bar,Restaurant,Room service,Airport shuttle,Full-service laundry,1098.0,https://www.agoda.com/search?text=Zemu%20Gangtok%20sikkim%20India
Divine's The Elite Zong,4.5,sikkim,Free breakfast,Free Wi-Fi,Free parking,Restaurant,Room service,Accessible,Kid-friendly,Room service,Bar,1290.0,https://www.agoda.com/search?text=Divine%27s%20The%20Elite%20Zong%20sikkim%20India
Hotel Alpha Omega,5.0,sikkim,4-star hotel,Free Wi-Fi,Free parking,Kitchen,Air conditioning,Room service,Pet-friendly,Full-service laundry,Restaurant,930.0,https://www.agoda.com/search?text=Hotel%20Alpha%20Omega%20sikkim%20India
Hotel Sonam Delek,4.3,sikkim,2-star hotel,Free breakfast,Free Wi-Fi,Paid parking,Restaurant,Room service,Full-service laundry,Kid-friendly,Restaurant,1248.0,https://www.agoda.com/search?text=Hotel%20Sonam%20Delek%20sikkim%20India
Sikkim Tourist Center,4.3,sikkim,Free breakfast,Free Wi-Fi,Paid parking,Pool,Restaurant,Room service,Kitchen,Full-service laundry,Kid-friendly,4914.0,https://www.agoda.com/search?text=Sikkim%20Tourist%20Center%20sikkim%20India
Sterling Gangtok - Orange Village,4.0,sikkim,4-star hotel,Breakfast,Free Wi-Fi,Free parking,Air conditioning,Fitness center,Spa,Bar,Restaurant,9186.0,https://www.agoda.com/search?text=Sterling%20Gangtok%20-%20Orange%20Village%20sikkim%20India
SS BeachResort,4.0,varkala,3-star hotel,Free breakfast,Free Wi-Fi,Free parking,Pool,Air conditioning,Beach access,Restaurant,Room service,2160.0,https://www.agoda.com/search?text=SS%20BeachResort%20varkala%20India
Sajjoys Varkala,4.7,varkala,Free breakfast,Free Wi-Fi,Paid parking,Pool,Air conditioning,Fitness center,Spa,Beach access,Restaurant,7018.0,https://www.agoda.com/search?text=Sajjoys%20Varkala%20varkala%20India
Clafouti Beach Resort,4.1,varkala,3-star hotel,Breakfast,Free Wi-Fi,Free parking,Air conditioning,Beach access,Restaurant,Room service,Airport shuttle,4556.0,https://www.agoda.com/search?text=Clafouti%20Beach%20Resort%20varkala%20India
Zostel Varkala,4.6,varkala,Breakfast,Free Wi-Fi,Air conditioning,Paid parking,Beach access,Restaurant,Full-service laundry,Smoke-free,Bar,1790.0,https://www.agoda.com/search?text=Zostel%20Varkala%20varkala%20India
Garden Bay Resort,4.5,varkala,Breakfast,Free Wi-Fi,Free parking,Air conditioning,Pet-friendly,Beach access,Room service,Kitchen,Airport shuttle,1997.0,https://www.agoda.com/search?text=Garden%20Bay%20Resort%20varkala%20India
"The Lost Hostels, Varkala - Helipad",4.5,varkala,Breakfast,Wi-Fi,Beach access,Kitchen,Airport shuttle,Full-service laundry,Kid-friendly,Airport shuttle,Airport shuttle,1113.0,https://www.agoda.com/search?text=The%20Lost%20Hostels%2C%20Varkala%20-%20Helipad%20varkala%20India
SANDRA Eco Beach Resort,4.7,varkala,Free Wi-Fi,Free breakfast,Free Wi-Fi,Pool,Restaurant,Breakfast,Room service,Restaurant,Restaurant,2800.0,https://www.agoda.com/search?text=SANDRA%20Eco%20Beach%20Resort%20varkala%20India
Nebo hotel,4.2,varkala,Free Wi-Fi,Paid parking,Pool,Beach access,Kitchen,Full-service laundry,Restaurant,Kitchen,Room service,3830.0,https://www.agoda.com/search?text=Nebo%20hotel%20varkala%20India
"Elixir Cliff Beach Resort and Spa,Varkala",4.5,varkala,Free breakfast,Free Wi-Fi,Free parking,Pool,Spa,Beach access,Restaurant,Room service,Kitchen,8048.0,https://www.agoda.com/search?text=Elixir%20Cliff%20Beach%20Resort%20and%20Spa%2CVarkala%20varkala%20India
Kerala Bamboo House,4.1,varkala,2-star hotel,Free Wi-Fi,Free parking,Pool,Air conditioning,Spa,Beach access,Room service,Full-service laundry,1043.0,https://www.agoda.com/search?text=Kerala%20Bamboo%20House%20varkala%20India
Green Bay resort,4.4,varkala,5-star hotel,Breakfast,Free Wi-Fi,Free parking,Pool,Air conditioning,Room service,Full-service laundry,Spa,1792.0,https://www.agoda.com/search?text=Green%20Bay%20resort%20varkala%20India
Sunview Beach Resort & Spa by Citrine,4.0,varkala,2-star hotel,Free breakfast,Wi-Fi,Free parking,Pool,Air conditioning,Beach access,Restaurant,Room service,5067.0,https://www.agoda.com/search?text=Sunview%20Beach%20Resort%20%26%20Spa%20by%20Citrine%20varkala%20India
Tropical Temple,4.8,varkala,3-star hotel,Free breakfast,Wi-Fi,Pool,Air conditioning,Full-service laundry,Spa,Accessible,No elevator,1814.0,https://www.agoda.com/search?text=Tropical%20Temple%20varkala%20India
Sand Castle Varkala,4.5,varkala,3-star hotel,Free breakfast,Free Wi-Fi,Paid parking,Pool,Restaurant,Bar,Spa,Kid-friendly,2018.0,https://www.agoda.com/search?text=Sand%20Castle%20Varkala%20varkala%20India
"Soul, Varkala - Black Beach",4.3,varkala,5-star hotel,Free breakfast,Free Wi-Fi,Free parking,Pool,Hot tub,Airport shuttle,Restaurant,Accessible,1120.0,https://www.agoda.com/search?text=Soul%2C%20Varkala%20-%20Black%20Beach%20varkala%20India
Paradise Inn Beach Resort,4.6,varkala,3-star hotel,Free breakfast,Free Wi-Fi,Free parking,Air conditioning,Full-service laundry,Restaurant,Room service,Kid-friendly,1442.0,https://www.agoda.com/search?text=Paradise%20Inn%20Beach%20Resort%20varkala%20India
Rachanas Black Beach Resort,3.8,varkala,2-star hotel,Free breakfast,Free Wi-Fi,Free parking,Pool,Air conditioning,Pet-friendly,Beach access,Restaurant,1999.0,https://www.agoda.com/search?text=Rachanas%20Black%20Beach%20Resort%20varkala%20India
Hindustan Beach Retreat,4.0,varkala,4-star hotel,Breakfast,Free Wi-Fi,Free parking,Pool,Air conditioning,Fitness center,Spa,Beach access,6071.0,https://www.agoda.com/search?text=Hindustan%20Beach%20Retreat%20varkala%20India
Mango Villa - Double or Twin Room with Garden View,4.7,varkala,House,Pool,Free Wi-Fi,1 bathroom,2 beds,Air conditioning,Airport shuttle,Balcony,Crib,2768.0,https://www.agoda.com/search?text=Mango%20Villa%20-%20Double%20or%20Twin%20Room%20with%20Garden%20View%20varkala%20India
THE VILLAGE,3.0,varkala,3-star hotel,Free Wi-Fi,Air conditioning,Fireplace,Kitchen,Paid parking,Free Wi-Fi,No crib,No elevator,2576.0,https://www.agoda.com/search?text=THE%20VILLAGE%20varkala%20India
Clafouti Beach Resort,4.1,varkala,3-star hotel,Breakfast,Free Wi-Fi,Free parking,Air conditioning,Beach access,Restaurant,Room service,Airport shuttle,4556.0,https://www.agoda.com/search?text=Clafouti%20Beach%20Resort%20varkala%20India
"The Lost Hostels, Varkala - Helipad",4.5,varkala,Breakfast,Wi-Fi,Beach access,Kitchen,Airport shuttle,Full-service laundry,Kid-friendly,Fitness center,Airport shuttle,1304.0,https://www.agoda.com/search?text=The%20Lost%20Hostels%2C%20Varkala%20-%20Helipad%20varkala%20India
